ID_Cliente;Nombre;Edad;Genero;Localidad;Nivel_Socioeconomico
1;JorgeRodríguez;32;Masculino;kennedy;Bajooo
2;ESPERANZA TORRES;56;;kennedy;medio
3;Felipe Buitrago;;No binario;Kennedy;Altoo
4;STIVEN GARCÍA;72;Otro;subaa;Bajooo
5;Rubiela Gómez;74;Femenino;Usaquén;Altoo
6;MARINA MORA;24;No binario;engativa;bajoooo
7;María Ramírez;59;Femenino;CHAPINERO;Bajooo
8;Jesús Vásquez;32;Masculino;Usaquén;Bajooo
9;Marina Fernández;74;Femenino;ENGATIVA;alto
10;Edwin Rodríguez;53;No binario;ENGATIVA;Alto
11;MARIO BENAVIDES;25;Femenino;Engativá ;Bajooo
12;Ruth Sánchez;53;Masculino;Suba;MEDIO
13;René Quintero;36;No binario;;ALTO
14;Andrea López;24;Otro; Suba;Alto
15;  Edgar  Agudelo  ;51;Otro;Suba;Altoo
16;MARIO ARIZA;23;No binario;kennedy;Alto
17;Andrés Cardozo;51;No binario;kennedy;ALTO
18;Myriam Caicedo;59;No binario;CHAPINERO;Bajo
19;Álvaro Beltrán;22;Masculino;Usaquén;Medio
20;Nelson Escobar;52;No binario;SUBA;bajo
21;Diego Gómez;44;Masculino;Suba;ALTO
22;Ángela Gutiérrez;30;Femenino;usaquen;Medio
23;Ana Moreno;21;Masculino;CHAPINERO;medio
24;Diana Castro;28;No binario;subaa;ALTO
25;Fernando Morales;63;Femenino;Usaquén;MEDIO
26;Eliana Rojas;48;Femenino; Suba;Alto
27;MÓNICA CUESTA;43;Femenino;Usaquén;Bajooo
28;Jesús León;34;Otro;ENGATIVA;alto
29;Carolina Padilla;22;;KENNEDY;Medio
30;Claudia Rivera;40;Femenino;CHAPINEROOO;MEDIO
31;Edisson Bedoya;59;Otro;Suba;Alto
32;Luis Duque;27;Femenino;chapinero;BAJO
33;Héctor Guevara;21;No binario;Usaquén;
34;Ángela Gómez;65;No binario;Suba;ALTO
35;Valentina Ortiz;55;No binario;USAQUEN;Altoo
36;LauraValderrama;61;Masculino;kennedy;Bajooo
37;Germán Álvarez;33;Femenino;Chapinero;bajoooo
38;Jesús Medina;65;Otro;Suba;Bajo
39;Néstor Cruz;47;Femenino;chapinero;BAJO
40;Mónica Vargas;59;Otro;Suba;BAJO
41;Luis Muñoz;24;Otro;Usaquén ;MEDIO
42;Juan Burbano;20;Masculino;kennedy;ALTO
43;  Pilar  Torres  ;60;Otro;Suba;BAJO
44;Leider Palacios;62;Femenino;ENGATIVA;Alto
45;Andrea Gómez;18;Femenino;KENNEDY;bajoooo
46;Sandra Pineda;48;Femenino;USAQUEN;alto
47;DARIO SALAZAR;33;Femenino;Kennedy;
48;Patricia Flórez;22;Femenino;ENGATIVA;bajo
49;Albert Contreras;73;Masculino;CHAPINERO;ALTO
50;MOISÉS ESTRADA;72;Femenino; Suba;Medioo
51;María Camargo;70;No binario;kennedy;Alto
52;Manuel Montoya;33;Otro; Suba;bajo
53;MÓNICA BEDOYA;35;Masculino;CHAPINERO;Alto
54;MARTHA MEJÍA;52;Masculino;Engativá ;Altoo
55;Valeria Posada;66;No binario;;Altoo
56;Germán Ortiz;52;Femenino;usaquen;Bajo
57;José Díaz;64;No binario;Kennedyy;Bajooo
58;Yeison Polo;45;No binario;usaquen;bajo
59;Stella Henao;35;No binario;Engativá;ALTO
60;Alberto Sánchez;59;Masculino;CHAPINERO;Bajo
61;Cristian Montoya;25;Femenino;usaquen;Alto
62;Jaime Contreras;67;Otro;Chapinero;Medioo
63;María Valencia;63;Femenino;USAQUEN;Medioo
64;María Oviedo;20;No binario;Engativá;bajoooo
65;;49;Otro;subaa;Bajooo
66;Fabio Serrano;57;No binario;KENNEDY;bajo
67;NATALIA MARTÍNEZ;33;No binario;SUBA;Alto
68;Henry Erazo;35;Otro; Suba;Medio
69;Andrea Reyes;33;No binario;Chapinero;bajo
70;Patricia Ochoa;41;Otro;kennedy;ALTO
71;Sebastián Hernández;64;Masculino;CHAPINEROOO;ALTO
72;Linda Caicedo;51;Masculino;USAQUEN;Alto
73;Mónica Arboleda;20;Otro;Kennedy;Altoo
74;Deisy Rojas;48;Otro;Usaquén;medio
75;ANDRÉS ARIZA;54;Masculino;KENNEDY;Medio
76;alejandra álvarez;56;Femenino;ENGATIVA;medio
77;Ancizar Bernal;54;Masculino;chapinero;BAJO
78;  Betty  Delgado  ;22;No binario;Kennedyy;Bajo
79;Paola Torres;47;Femenino;KENNEDY;bajo
80;Gladys Fernández;35;Masculino;USAQUEN;Medioo
81;Ángela Torres;37;Otro;SUBA;Medioo
82;Patricia Barrera;34;;KENNEDY;Bajo
83;Ángela Espitia;20;Femenino;subaa;Alto
84;Humberto García;23;No binario;Suba;bajoooo
85;Leidy Camacho;43;Masculino;Usaquén ;Medio
86;Fernanda Hernández;18;No binario;chapinero;Medioo
87;Freddy Jaramillo;31;Femenino;subaa;medio
88;Enith Serna;33;Otro;kennedy;bajo
89;Mario Ramírez;25;Femenino;USAQUEN;BAJO
90;Diana Mejía;47;No binario;Kennedyy;Alto
91;Estela Correa;44;Otro;USAQUEN;Medioo
92;Miguel Gil;46;Otro;kennedy;bajoooo
93;Marino López;42;No binario;SUBA;Altoo
94;Yamile Herrera;59;No binario;Kennedy;Medioo
95;nelson vargas;24;No binario;;alto
96;LILIANA CARDONA;34;No binario;Usaquén ;MEDIO
97;Rubiela Castro;66;Masculino;CHAPINERO;BAJO
98;Tatiana Salgado;24;Masculino;USAQUEN;Bajo
99;RAQUEL PRIETO;45;No binario;CHAPINEROOO;Medio
100;Luis Martínez;49;Femenino;usaquen;alto
101;;75;Femenino;engativa;BAJO
102;Bayron Perea;72;No binario;Suba;Medioo
103;Isaac Carmona;19;No binario;KENNEDY;Altoo
104;GustavoPérez;49;Otro;CHAPINERO;bajoooo
105;  Nayibe  Rojas  ;66;Femenino;Usaquén;medio
106;Yenny Martínez;36;No binario;Kennedy;bajoooo
107;Lizeth Rengifo;34;No binario;USAQUEN;bajoooo
108;Mónica Páez;66;No binario;kennedy;Altoo
109;Yasmín Salazar;41;Otro;engativa;bajo
110;René Barragán;38;Femenino;subaa;BAJO
111;luis pinzón;20;No binario;CHAPINERO;Alto
112;Lucía Jiménez;62;No binario;Kennedy;alto
113;Eder Murillo;35;;subaa;bajo
114;ANDRÉS CANO;52;Otro;usaquen;Medio
115;Luz Orozco;31;Masculino;Usaquén ;Alto
116;José Márquez;53;Femenino;CHAPINERO;Alto
117;Cecilia Salamanca;27;Otro;Suba;Bajo
118;Ana Díaz;55;Femenino;Kennedy;MEDIO
119;JUAN GIL;41;Masculino;CHAPINERO;Bajo
120;Leidy González;37;Masculino;SUBA;Bajooo
121;Adolfo Vargas;22;Otro;Engativá;Medioo
122;Juan Beltrán;56;No binario;Engativá ;ALTO
123;Yuliana Orozco;53;Femenino;CHAPINERO;medio
124;José Betancur;38;Otro;SUBA;Medio
125;ADRIANA BECERRA;69;Masculino;kennedy;alto
126;Daniela Medina;66;Masculino;Kennedyy;Medio
127;Javier Suárez;32;Otro;engativa;BAJO
128;Valentina Espinosa;67;Masculino;usaquen;
129;Patricia Cruz;40;;KENNEDY;Medio
130;Ocampo Orjuela;65;No binario;Usaquén ;BAJO
131;Patricia Rojas;23;Femenino;Kennedyy;Medio
132;Mónica Saavedra;46;Femenino;Suba;Medio
133;Alonso Cuéllar;60;Femenino;Kennedyy;bajo
134;Eliana Sánchez;34;Masculino;;Alto
135;Hernán Narváez;53;Otro;Usaquén;medio
136;David Ospino;54;No binario;ENGATIVA;
137;Jesús Rodríguez;71;Otro;Suba;Medioo
138;VÍCTOR SUÁREZ;65;Otro;Engativá;Medio
139;  Alexander  Rico  ;40;Femenino;Kennedy;Alto
140;Marcela González;29;No binario;KENNEDY;medio
141;Sandra Cortés;57;Otro;Engativá;alto
142;Luisa Calderón;50;No binario;Usaquén;BAJO
143;Óscar Ramírez;57;No binario;kennedy;ALTO
144;Fernando Ortiz;59;No binario;Usaquén;Altoo
145;Anyi Espitia;50;Masculino;subaa;MEDIO
146;  Edgar  López  ;36;Otro;Usaquén;alto
147;Estela Castro;42;Femenino;KENNEDY;bajoooo
148;María Fuentes;26;Masculino;ENGATIVA;bajoooo
149;Fernando Muñoz;65;Masculino;Engativá ;Bajo
150;  Jairo  Caicedo  ;67;Femenino;Kennedy;Altoo
151;Yadira Rodríguez;74;Otro;Kennedyy;Bajooo
152;  Ana  Nieto  ;57;Femenino;Usaquén;alto
153;Rubén Vásquez;66;No binario;CHAPINERO;Altoo
154;Hernán Murillo;61;No binario;USAQUEN;MEDIO
155;Milena Hernández;69;Otro;SUBA;MEDIO
156;Natalia Maldonado;25;Femenino; Suba;Bajooo
157;Orlando Estrada;74;Masculino;ENGATIVA;bajo
158;ERNESTO ROJAS;38;Otro;Kennedy;medio
159;tatiana lópez;46;Masculino;;Alto
160;Julio Loaiza;25;Femenino;Usaquén;alto
161;Silvia Beltrán;75;Masculino;KENNEDY;Alto
162;LucíaOviedo;54;Masculino;engativa;MEDIO
163;Wilson Obando;19;No binario;ENGATIVA;BAJO
164;Edwin Rangel;33;Masculino;Usaquén ;bajoooo
165;María Galvis;67;No binario;Kennedy;Altoo
166;VanessaGranados;68;Masculino;USAQUEN;MEDIO
167;FranciscoAlvarado;36;Masculino;Usaquén ;Altoo
168;Edwin Ortiz;75;Otro;SUBA;bajoooo
169;Fabián González;64;No binario;CHAPINEROOO;bajoooo
170;Alfredo Andrade;46;No binario;subaa;Bajo
171;Inés Ayala;45;Masculino;ENGATIVA;Altoo
172;  Magda  Suárez  ;72;No binario;Engativá;alto
173;William Torres;56;No binario;engativa;Medio
174;María Ramírez;59;Masculino;;MEDIO
175;Teresa Leal;34;Femenino;USAQUEN;medio
176;reinaldo castro;29;No binario;Usaquén ;ALTO
177;Jorge Castillo;72;Femenino; Suba;bajo
178;Joan Montoya;41;Otro;kennedy;Medio
179;Samuel González;48;No binario;Engativá;bajoooo
180;Marcos Díaz;40;Femenino;Kennedy;Bajo
181;Uriel Ortiz;28;Femenino; Suba;Medio
182;Sandra Mejía;26;Masculino;CHAPINEROOO;Medioo
183;Miguel Álvarez;56;Masculino;Chapinero;alto
184;Alberto Molina;54;Masculino;kennedy;BAJO
185;Constanza Escobar;37;Masculino;Engativá ;bajo
186;johana blanco;38;Otro;Kennedy;MEDIO
187;María Velandia;35;Femenino;USAQUEN;Medioo
188;Andrés Pinzón;70;Otro;CHAPINEROOO;MEDIO
189;Jairo Camacho;23;No binario;chapinero;Bajo
190;Juliana García;59;Otro;Suba;BAJO
191;Enrique Valencia;43;Femenino;USAQUEN;MEDIO
192;Eugenia Miranda;57;Masculino;Suba;Altoo
193;Óscar Suárez;27;No binario;Usaquén;ALTO
194;Natalia Parra;56;Femenino;Kennedyy;Bajooo
195;Yamile Jiménez;39;No binario;USAQUEN;Bajo
196;Carmen Salazar;55;Masculino;usaquen;Altoo
197;Walter Buitrago;21;Femenino;Kennedyy;Bajooo
198;Roberto Garzón;62;Masculino;Engativá ;ALTO
199;Karen Vásquez;48;Masculino; Suba;bajoooo
200;María Gutiérrez;29;Otro;usaquen;bajo
201;Ruby Murillo;37;Femenino;SUBA;bajoooo
202;Jesús Restrepo;36;No binario;ENGATIVA;Altoo
203;Vanesa Rojas;63;No binario;SUBA;MEDIO
204;Elsy Galeano;24;Femenino; Suba;bajo
205;William Pérez;24;Femenino;;Alto
206;Andrea Molina;48;Otro;Usaquén;Medio
207;Fernando Quintero;72;Femenino;CHAPINEROOO;Bajo
208;Leonardo Espinosa;65;Otro;Chapinero;Medioo
209;Javier Torres;59;No binario;Kennedy;medio
210;Alejandra Rodríguez;64;Otro;Chapinero;Altoo
211;Olga Ortega;57;No binario; Suba;Bajooo
212;  Gustavo  García  ;38;Masculino;CHAPINERO;BAJO
213;Fabiola Méndez;18;Otro;Usaquén;medio
214;Elena Benavides;75;Otro;USAQUEN;bajo
215;candelaria vargas;65;Otro;kennedy;Altoo
216;Alexander Rodríguez;33;Masculino; Suba;Medio
217;césar fuentes;75;Femenino; Suba;alto
218;Sandra Salazar;50;Masculino; Suba;Medioo
219;Gloria Bustos;64;;Chapinero;Medioo
220;José Martínez;52;Masculino;SUBA;Bajooo
221;tatiana miranda;64;No binario;ENGATIVA;Bajooo
222;Aida Meneses;52;Otro;kennedy;Alto
223;Enrique Ojeda;;;kennedy;Bajooo
224;Juan Quiroga;35;Masculino;Engativá ;Bajo
225;ADOLFO ÁVILA;46;Masculino;Usaquén;bajo
226;Óscar Mora;26;Otro;KENNEDY;Medioo
227;Álvaro Vásquez;74;Femenino;usaquen;Medioo
228;Yesid Sarmiento;45;Masculino;ENGATIVA;bajoooo
229;Cielo Muñoz;29;No binario;CHAPINERO;ALTO
230;Esther Henao;44;Femenino;usaquen;alto
231;Sebastián Guzmán;52;Femenino;ENGATIVA;Medioo
232;ANTONIO CASTRO;55;Femenino;Usaquén ;Bajo
233;  Ana  Gutiérrez  ;65;No binario;Kennedyy;Bajooo
234;Luisa Ruiz;42;Otro;engativa;medio
235;Andrés Hernández;66;Femenino;Engativá ;bajo
236;ÁngelaVélez;55;No binario;chapinero;Bajooo
237;Camilo Martínez;61;No binario;SUBA;ALTO
238;  Julia  Ríos  ;49;Masculino;Engativá;alto
239;MartaRojas;58;Femenino;;bajoooo
240;Mireya Espitia;48;Masculino;;Bajo
241;;52;Masculino;Engativá ;Alto
242;JUAN VÉLEZ;30;Otro;usaquen;Medio
243;Esteban Cabrera;62;Masculino;Usaquén;Bajooo
244;Mery Rodríguez;62;No binario;Usaquén ;Medio
245;Dayana Gallego;75;No binario;Engativá;BAJO
246;Guillermo Posada;72;Femenino;ENGATIVA;BAJO
247;Yuliana Cano;42;Otro;Kennedy;ALTO
248;Luis Agudelo;21;Femenino;Usaquén ;Medioo
249;Inés Torres;19;No binario;engativa;Bajooo
250;Nohora Gómez;23;Otro;Engativá;Alto
251;Mary Duarte;42;Masculino;USAQUEN;Altoo
252;karina pérez;46;No binario;Engativá;Medio
253;Nury Hernández;18;No binario;kennedy;bajo
254;  Antonio  Rodríguez  ;26;Otro;Engativá;BAJO
255;Helena Ospina;34;No binario;chapinero;Alto
256;María Franco;57;Otro;Engativá ;alto
257;marcela restrepo;62;Otro;ENGATIVA;BAJO
258;Luz Rivera;68;No binario;ENGATIVA;Medioo
259;Laura Valencia;67;No binario;chapinero;BAJO
260;CRISTIAN RIVERA;68;No binario;USAQUEN;alto
261;César Roa;46;No binario;kennedy;ALTO
262;JohanaGarcía;62;Masculino;CHAPINERO;bajoooo
263;María Montoya;59;No binario;Usaquén ;Bajooo
264;ISIDRO ROMERO;65;Femenino;ENGATIVA;alto
265;Jesús Ocampo;19;Otro;Engativá;ALTO
266;Jesús Gallego;31;Otro;subaa;medio
267;Bernardo Ramírez;25;;Suba;Alto
268;María Sánchez;53;No binario;CHAPINERO;alto
269;Carmen Camacho;19;Femenino;Engativá ;ALTO
270;Carlos Torres;68;Masculino;kennedy;bajoooo
271;diego castañeda;49;Otro;Kennedyy;Medio
272;Claudia Calderón;70;Otro;KENNEDY;Alto
273;César González;41;No binario;Kennedy;Bajooo
274;Leonardo Alfonso;59;Femenino;SUBA;Alto
275;Sandra Rodríguez;40;No binario;ENGATIVA;MEDIO
276;Mercedes Buitrago;63;No binario;KENNEDY;Altoo
277;RichardMedina;36;No binario;SUBA;Medio
278;Alejandro García;41;Masculino;subaa;Bajooo
279;Eduardo Pineda;37;Masculino;engativa;Medio
280;Sandra Perdomo;33;Otro;Kennedyy;Alto
281;Gustavo Carvajal;69;Otro;Kennedyy;bajoooo
282;Paola Castrillón;72;Masculino;Engativá ;BAJO
283;julio romero;33;Otro;ENGATIVA;Medioo
284;Elisa Arias;22;Masculino;usaquen;bajoooo
285;José Herrera;73;Masculino;subaa;ALTO
286;GUSTAVO PINTO;31;Femenino;Usaquén ;bajoooo
287;sandra salamanca;68;Masculino;subaa;
288;  Fernando  Salcedo  ;45;Femenino;USAQUEN;BAJO
289;Camilo Mejía;60;Femenino;USAQUEN;Altoo
290;Felipe Paz;18;Masculino;CHAPINERO;medio
291;;70;No binario;SUBA;Bajooo
292;Alba Montes;41;Femenino;Kennedy;alto
293;Andrés Ramos;;No binario;chapinero;Alto
294;Nohora Ariza;31;Masculino;Suba;Bajooo
295;Alba Melo;33;Masculino;Kennedyy;Medioo
296;Álvaro García;;Otro;Kennedyy;ALTO
297;Alonso Vargas;68;No binario;CHAPINERO;Medioo
298;Antonia León;;Otro;KENNEDY;MEDIO
299;Lizeth Gómez;67;Masculino;;Bajo
300;Hernando Díaz;63;No binario;ENGATIVA;MEDIO
301;  Laura  Bautista  ;23;Femenino;Kennedy;Bajooo
302;Ruth Rangel;59;No binario;CHAPINERO;Medio
303;diego castro;21;Femenino;Kennedy;Alto
304;María Erazo;70;Femenino;usaquen;Medio
305;AndreaPinzón;35;Otro;KENNEDY;medio
306;Anyi Uribe;54;Femenino;Suba;alto
307;Eduardo Jaimes;20;Masculino;SUBA;Alto
308;Concepción Alzate;69;No binario;CHAPINERO;ALTO
309;Andrea Torres;25;Masculino; Suba;Bajooo
310;Eduardo Suárez;72;Masculino;Chapinero;BAJO
311;Carlos Ortega;47;No binario;chapinero;MEDIO
312;Andrés Salazar;;Femenino;Chapinero;Bajo
313;Mauricio Valencia;37;Femenino;Usaquén;Alto
314;DIEGO ORTIZ;75;No binario;engativa;ALTO
315;TATIANA GONZÁLEZ;70;Masculino;Kennedy;BAJO
316;Elena González;71;Otro;CHAPINERO;bajo
317;Andrés Castellanos;24;No binario;Suba;Altoo
318;Rosa Rojas;25;Otro;Kennedyy;bajoooo
319;Yeny Vanegas;43;Otro;CHAPINEROOO;Bajooo
320;Ismael Silva;24;Femenino;Usaquén;bajo
321;Amparo López;58;Masculino;usaquen;Medio
322;ELENA TORRES;46;Masculino;Usaquén ;medio
323;Gloria Rodríguez;64;Masculino;Engativá ;bajo
324;Andrés Castro;27;;CHAPINERO;medio
325;Roger Cortés;35;No binario; Suba;Altoo
326;JhonHernández;63;No binario;KENNEDY;Bajooo
327;GabrielRincón;19;Otro;SUBA;Altoo
328;Omar Córdoba;33;Otro;Usaquén;bajo
329;Yuly Mendoza;71;Femenino;KENNEDY;ALTO
330;Rosa Martínez;;Femenino;chapinero;Altoo
331;Alex Acosta;49;;Kennedyy;MEDIO
332;Armando Castillo;69;Femenino;Usaquén ;Alto
333;Patricia Méndez;72;Otro;engativa;alto
334;luz sánchez;26;No binario;SUBA;Alto
335;Luis Suárez;57;Femenino;CHAPINEROOO;ALTO
336;ovidio gonzález;62;No binario;KENNEDY;Medioo
337;Cristian Calderón;58;No binario;Engativá;bajoooo
338;Dario Torres;63;Otro;usaquen;ALTO
339;José Cardona;18;No binario;CHAPINEROOO;medio
340;Lida Estrada;71;Femenino;Engativá;Bajo
341;Bladimir Suárez;22;No binario;Engativá;Medio
342;Antonio León;63;;CHAPINEROOO;Bajooo
343;jairo erazo;30;Otro;USAQUEN;Bajo
344;Laura Rojas;21;No binario;Kennedyy;Medio
345;  Alexander  Sánchez  ;23;Masculino;ENGATIVA;alto
346;Carolina García;41;Otro;Usaquén;medio
347;María Cardona;27;Masculino;engativa;Bajooo
348;Juan Jiménez;71;No binario;SUBA;bajo
349;CRISTINA TORO;63;; Suba;alto
350;diego cárdenas;46;Femenino;chapinero;Bajooo
351;Eduardo Salgado;70;Otro;Engativá;MEDIO
352;Fabián Pineda;47;Masculino;Kennedyy;Altoo
353;Alexander Saavedra;55;Masculino;KENNEDY;Altoo
354;Manuela Vásquez;44;No binario;SUBA;BAJO
355;Jorge Gamboa;43;;Usaquén ;Bajo
356;Pablo García;19;Otro;SUBA;alto
357;Claudia Álvarez;65;Otro;Engativá ;Medio
358;César Jaramillo;65;Otro; Suba;Medio
359;Nancy González;72;Masculino;chapinero;bajo
360;EDUARDO BERMÚDEZ;30;No binario;Suba;bajo
361;James Sierra;73;Otro;usaquen;ALTO
362;IbethGarcía;72;Femenino;CHAPINERO;BAJO
363;María Mejía;67;No binario;CHAPINEROOO;Bajo
364;Paula Vargas;63;Otro;ENGATIVA;medio
365;Andrea Burgos;70;Masculino;;bajoooo
366;Fredy Córdoba;61;Masculino;usaquen;BAJO
367;Jhoan Anaya;37;Femenino;Kennedyy;bajoooo
368;Javier Ortiz;36;No binario;Usaquén;Medioo
369;María Tovar;61;No binario;engativa;Alto
370;Nelcy Arango;24;Otro;kennedy;Alto
371;Albeiro Díaz;32;Otro;Usaquén ;Medioo
372;Juan Acevedo;73;Masculino;chapinero;alto
373;Nathalia López;72;Femenino;KENNEDY;medio
374;Doris Quintero;23;Femenino;Usaquén;
375;Enrique Andrade;66;Masculino;Engativá ;Bajooo
376;Sofía Aguirre;;Otro;Usaquén ;MEDIO
377;Nancy Garcés;33;Otro;Suba;Medioo
378;JOHN CAICEDO;36;Otro;Kennedy;medio
379;  Yasmín  Álvarez  ;69;Femenino;Kennedy;Bajo
380;  Paula  Manrique  ;59;No binario;usaquen;Medioo
381;Lilia Molina;59;Masculino;Engativá ;Medio
382;Adalberto Navarro;62;Masculino;Suba;BAJO
383;Andrés Peña;75;Masculino;Suba;Medioo
384;Liliana Morales;30;No binario;Usaquén;bajo
385;Alfonso Pineda;18;Masculino;SUBA;Medio
386;RAFAEL RAMÍREZ;75;Femenino;USAQUEN;Bajo
387;  Luis  Chaparro  ;36;Otro;Suba;Altoo
388;BettyBenavides;59;Otro;Kennedyy;ALTO
389;Paola Quiroz;43;No binario;ENGATIVA;medio
390;Alberto Moreno;25;Masculino;CHAPINEROOO;Medioo
391;Cecilia Caicedo;57;Otro;Kennedy;medio
392;Luis López;34;Masculino; Suba;Medioo
393;Jonatan Barreto;73;Masculino;CHAPINERO;alto
394;Esmeralda González;53;Masculino;;MEDIO
395;Hernán Sierra;22;Otro;usaquen;bajo
396;Óscar Palacios;23;No binario;SUBA;Medio
397;Esperanza Palacio;;Masculino;Chapinero;Altoo
398;Aurelio Vargas;50;No binario;engativa;bajo
399;Luis Flórez;56;Otro;Suba;alto
400;Elkin Palacios;69;Otro;Usaquén;medio
401;Fabio Alvarado;24;Femenino;ENGATIVA;Altoo
402;Esperanza Angulo;20;Masculino;subaa;Medioo
403;marleny betancur;51;No binario;SUBA;Altoo
404;  José  Fonseca  ;64;Masculino;Kennedyy;bajoooo
405;Amparo Jiménez;62;Otro;Usaquén ;medio
406;juan molano;74;Otro;kennedy;ALTO
407;Janneth Sánchez;31;Otro;Kennedy;alto
408;  Andrés  Herrera  ;58;Masculino;kennedy;Medioo
409;Luis Ríos;75;Otro;Engativá ;MEDIO
410;Yasmín Ruiz;21;Femenino;usaquen;Bajo
411;Liliana Benavides;20;No binario;kennedy;ALTO
412;Carlos Moreno;68;Otro;Usaquén;Bajooo
413;Iván Gómez;53;Otro;subaa;alto
414;Mauricio Rueda;52;Femenino;chapinero;Alto
415;EDWIN FLÓREZ;65;No binario;usaquen;Alto
416;Alexander Fonseca;;Femenino;Usaquén ;Altoo
417;Arbey Zapata;49;Otro;Usaquén ;Alto
418;María Sierra;52;Masculino;chapinero;bajoooo
419;Juan Polo;51;Masculino;engativa;alto
420;Omar Mendoza;61;No binario;Suba;MEDIO
421;AndrésCruz;67;No binario;USAQUEN;bajo
422;DANIEL PEÑA;67;Masculino;chapinero;Altoo
423;Jesús Sánchez;31;No binario;Engativá;Alto
424;Yuly Tamayo;22;Otro;KENNEDY;BAJO
425;Ruth Aguirre;38;;kennedy;
426;JESÚS MELO;20;Masculino; Suba;Altoo
427;Hernando Andrade;46;Masculino;kennedy;ALTO
428;Mery Ruiz;58;Otro;Chapinero;MEDIO
429;ÓscarOchoa;43;Masculino;engativa;alto
430;alfredo gómez;57;Femenino;KENNEDY;Altoo
431;Patricia Barrera;53;Masculino;chapinero;medio
432;Marco Bolívar;33;Masculino;Usaquén ;bajoooo
433;Mauricio Mejía;54;Otro;CHAPINEROOO;
434;Diana Acevedo;45;Otro;Usaquén ;medio
435;Omar Marín;24;Masculino;Kennedy;bajo
436;Jhon Rentería;22;Masculino;KENNEDY;Medioo
437;LuzRosero;75;No binario;Kennedy;bajo
438;Margarita Rivera;26;Masculino; Suba;
439;Milena Contreras;61;Femenino;CHAPINEROOO;Medioo
440;Carlos Alzate;48;Masculino;SUBA;BAJO
441;CarolinaGarcía;68;No binario;Usaquén;alto
442;Alfredo Beltrán;71;Otro;KENNEDY;alto
443;Daniela Barreto;22;No binario;CHAPINERO;bajoooo
444;Isabel Restrepo;74;Femenino;CHAPINERO;alto
445;  Johana  Muñoz  ;56;Masculino;Engativá ;ALTO
446;María Cifuentes;55;No binario;;Medioo
447;rodrigo buitrago;75;Masculino;CHAPINEROOO;Bajooo
448;Cecilia Marín;;Otro;chapinero;medio
449;  Johanna  Fernández  ;56;Femenino; Suba;ALTO
450;Fernando Salazar;22;No binario;Chapinero;MEDIO
451;Tatiana Meza;29;Masculino;kennedy;Medio
452;Alejandra Flórez;52;No binario;engativa;ALTO
453;Lidia Moreno;68;Otro;KENNEDY;Alto
454;Carlos Córdoba;23;No binario;Chapinero;Altoo
455;;51;;Usaquén ;Medio
456;Faber Jiménez;72;Otro;ENGATIVA;Bajooo
457;Bryan Navarro;53;Otro;KENNEDY;ALTO
458;esperanza ospina;25;No binario;CHAPINEROOO;MEDIO
459;Manuel Sarmiento;62;Masculino;Chapinero;Alto
460;Luz Calderón;34;Masculino;ENGATIVA;Bajooo
461;Azucena Rentería;56;Femenino;subaa;
462;Alexandra Vera;30;; Suba;Medioo
463;AlbertoRomero;18;Masculino;ENGATIVA;Bajooo
464;Fernando Beltrán;;Masculino;kennedy;bajoooo
465;Javier Camargo;30;No binario;usaquen;MEDIO
466;ALEXANDER VELASCO;25;Otro;KENNEDY;medio
467;Antonio Rentería;66;No binario;KENNEDY;medio
468;JORGE ÁLVAREZ;32;Femenino;Engativá ;MEDIO
469;Edna Murillo;36;Otro;CHAPINEROOO;bajoooo
470;Miguel López;65;Femenino;chapinero;bajo
471;Elizabeth Cano;33;Otro;Suba;Medio
472;Gloria Hernández;66;Masculino;engativa;medio
473;Andrés Domínguez;35;Otro;KENNEDY;MEDIO
474;Andrés Caro;50;Femenino;Suba;medio
475;ÁlvaroMuñoz;42;Otro;usaquen;BAJO
476;Augusto Ramos;41;No binario;engativa;Bajooo
477;  Mario  Cano  ;54;Masculino;CHAPINERO;Bajooo
478;Ruth González;48;Femenino;Kennedy;alto
479;Uriel Hernández;37;Masculino;CHAPINEROOO;BAJO
480;Didier Estrada;39;Otro;usaquen;Bajooo
481;Daniel Puentes;30;Femenino;USAQUEN;alto
482;Reinaldo Cifuentes;23;Otro;Kennedy;alto
483;Dora Mercado;54;Masculino;Usaquén ;bajoooo
484;María Montoya;43;No binario;engativa;MEDIO
485;Elvia Sandoval;19;Femenino;Engativá;Bajooo
486;JAVIER OROZCO;53;No binario;Engativá;Medioo
487;Armando Ballesteros;37;Otro;Kennedy;Alto
488;Sandra Moreno;38;No binario;kennedy;MEDIO
489;María Loaiza;29;No binario;KENNEDY;alto
490;Luis Ceballos;52;Masculino;engativa;Alto
491;InésMartínez;72;Otro;Chapinero;medio
492;Augusto Chávez;;Otro;Chapinero;bajo
493;Angie Parra;28;No binario;CHAPINERO;Bajooo
494;Isabel Monroy;57;Otro;kennedy;Bajooo
495;ANGIE RINCÓN;25;No binario;Kennedyy;bajoooo
496;;52;;USAQUEN;ALTO
497;DianaMurcia;18;Otro;SUBA;medio
498;MarcelaCárdenas;66;Masculino;ENGATIVA;medio
499;Enrique Villamizar;42;Masculino;CHAPINERO;medio
500;Gregorio Guerrero;65;Femenino;USAQUEN;Alto
501;JairoSánchez;51;No binario;chapinero;Bajo
502;Marleny López;58;Masculino;usaquen;Bajooo
503;JosefaParra;68;Femenino;Engativá;medio
504;Rodolfo Gómez;66;Masculino;Kennedy;Altoo
505;Astrid Marín;53;Otro;subaa;Bajo
506;Leandro Ordóñez;75;;kennedy;ALTO
507;Diana Duque;38;Otro;Kennedyy;MEDIO
508;Luis Mantilla;70;Otro; Suba;Alto
509;Clara Castillo;57;Masculino;kennedy;bajo
510;Liliana González;57;No binario;Suba;alto
511;Edgar Cárdenas;73;;chapinero;Medioo
512;Alexander Bedoya;57;Otro;CHAPINERO;Medio
513;;59;Masculino;Usaquén;ALTO
514;Juan Rodríguez;63;Otro;Engativá;Medio
515;Fabián Vargas;64;No binario; Suba;Medioo
516;  Carmen  Ospina  ;44;Otro;Engativá ;Alto
517;Patricia Cabrera;60;No binario;Usaquén ;bajoooo
518;Adriana Rojas;70;Femenino;chapinero;MEDIO
519;Gabriel Valencia;46;Masculino;USAQUEN;MEDIO
520;Milena Galeano;;Femenino;Chapinero;ALTO
521;María Andrade;54;Femenino;subaa;Alto
522;Milena Hernández;34;Masculino;KENNEDY;ALTO
523;Tatiana Pérez;49;Masculino;USAQUEN;Altoo
524;ALEXANDER RODRÍGUEZ;67;No binario;Suba;bajo
525;María Angulo;58;No binario; Suba;MEDIO
526;Leidy Valencia;27;No binario;Kennedyy;Medio
527;Carolina Martínez;26;No binario;Usaquén;BAJO
528;Jairo Silva;26;No binario;SUBA;Medioo
529;Mauricio Acosta;33;Otro;Usaquén ;Medioo
530;Jaime Molina;40;Otro;Chapinero;Alto
531;Sandra Mora;46;No binario;CHAPINERO;bajoooo
532;Giovanny Gómez;65;Femenino;USAQUEN;
533;julián gaviria;19;Femenino; Suba;MEDIO
534;José Cruz;62;No binario; Suba;Alto
535;Smith Martínez;35;Masculino;usaquen;alto
536;yina castillo;74;Femenino; Suba;Medio
537;Eduardo Rincón;23;No binario;Chapinero;MEDIO
538;Steven García;19;Otro;USAQUEN;MEDIO
539;ANA LEÓN;42;Masculino;usaquen;bajoooo
540;Patricia Castro;42;Femenino;KENNEDY;BAJO
541;Fernando Caicedo;31;Femenino;USAQUEN;MEDIO
542;Camila Portilla;67;Femenino;kennedy;ALTO
543;Andrés Cárdenas;64;;Engativá ;BAJO
544;Alberto López;65;Femenino;CHAPINEROOO;
545;Diego Márquez;57;Femenino;Chapinero;ALTO
546;jesús solano;48;Otro;ENGATIVA;Alto
547;Óscar Rojas;18;No binario;chapinero;Medio
548;Yesenia Torres;57;Otro;CHAPINERO;Altoo
549;Ruth Cárdenas;38;Masculino;subaa;Bajo
550;Marta López;65;;Usaquén;medio
551;Graciela Vergara;47;Otro;Usaquén;Alto
552;Katherine Sánchez;50;Femenino;Usaquén ;Alto
553;Harold Martínez;74;Otro;CHAPINEROOO;Medio
554;Álvaro López;23;No binario; Suba;Alto
555;Diana Daza;39;Femenino;Kennedy;ALTO
556;Edwin Velásquez;46;Femenino;Kennedy;Bajo
557;Juan Londoño;72;Masculino;SUBA;Medioo
558;Sofía González;56;Femenino;usaquen;MEDIO
559;Sonia Soto;21;Masculino;Usaquén;Medioo
560;César Salas;44;Femenino;Kennedyy;ALTO
561;Óscar Bolaños;47;Otro;Engativá;bajoooo
562;Alberto Romero;45;Masculino;Kennedy;BAJO
563;Carlos Rojas;31;Masculino; Suba;medio
564;Alexander Torres;63;Otro;KENNEDY;bajoooo
565;Sandra Meza;64;No binario;Kennedyy;BAJO
566;AuraCastellanos;;Masculino;chapinero;Bajooo
567;Carlos Arévalo;58;Femenino;usaquen;BAJO
568;Santiago Bastidas;25;Otro;KENNEDY;Bajo
569;  Leonardo  Ávila  ;61;No binario;Kennedy;alto
570;Jorge Rodríguez;47;No binario;Usaquén;BAJO
571;Edinson Salcedo;19;Otro;engativa;Alto
572;AlbaDíaz;58;Femenino;ENGATIVA;Medio
573;Diego Álvarez;38;Otro;SUBA;bajoooo
574;Ruth Rodríguez;37;Otro;chapinero;medio
575;Gabriel Ospina;27;No binario; Suba;bajoooo
576;Yenny Sánchez;51;Femenino;Usaquén;ALTO
577;fernando gómez;20;Masculino;Usaquén;Altoo
578;Mauricio Rojas;37;Femenino;chapinero;MEDIO
579;Mireya Herrera;27;Masculino;;MEDIO
580;Eliana Camargo;35;Otro;CHAPINEROOO;Medioo
581;Jaime Ospina;19;Masculino;Usaquén;Bajooo
582;Andrea Martínez;71;No binario;USAQUEN;bajo
583;Cecilia Garzón;66;Femenino;subaa;BAJO
584;Javier Ortiz;32;Femenino;Kennedyy;bajoooo
585;Alexander Reyes;68;Otro;Chapinero;Medio
586;Vanesa Castro;67;Femenino;ENGATIVA;Altoo
587;Alfonso González;37;No binario;CHAPINERO;MEDIO
588;Ruby Gutiérrez;31;No binario;Engativá ;bajoooo
589;Javier Reyes;22;No binario;Kennedyy;MEDIO
590;Enrique Gómez;43;Masculino;Kennedyy;Bajooo
591;Dary Carvajal;31;Masculino;Kennedy;BAJO
592;María Suárez;61;Otro;USAQUEN;Bajooo
593;Laura Hernández;55;;ENGATIVA;BAJO
594;Rocío Valencia;18;Otro;USAQUEN;bajo
595;María Cano;63;No binario;chapinero;medio
596;Gloria Rivera;41;Femenino;Kennedy;Medio
597;diego sierra;60;Femenino;Engativá ;Altoo
598;Hernán Arévalo;47;No binario;CHAPINERO;Medioo
599;;64;Otro;kennedy;Bajo
600;Patricia Prieto;25;Masculino; Suba;Altoo
601;María Rodríguez;74;Femenino;Engativá;MEDIO
602;Marco Prieto;39;Masculino; Suba;Medioo
603;Carlos Córdoba;69;Femenino;Kennedyy;ALTO
604;Camilo Guerrero;55;Masculino;USAQUEN;Medioo
605;Martha Rodríguez;22;Otro;Kennedyy;BAJO
606;;29;Femenino;engativa;BAJO
607;Camila Meneses;51;Otro;Kennedy;Alto
608;David Roa;42;No binario;CHAPINEROOO;ALTO
609;JONATHAN LÓPEZ;70;Femenino;SUBA;ALTO
610;Santiago Vargas;61;No binario; Suba;Bajo
611;Juan Silva;38;Masculino;kennedy;Bajooo
612;Rosalba Álvarez;35;Masculino;KENNEDY;Altoo
613;Ruth Quintero;67;Otro;CHAPINEROOO;Bajo
614;Claudia Palacios;;Masculino;engativa;BAJO
615;MarthaPalacios;21;Femenino;Suba;Medio
616;Eliecer Romero;66;Femenino;CHAPINEROOO;medio
617;MIGUEL FIGUEROA;35;Otro;Engativá;Bajo
618;Víctor Moreno;70;No binario;chapinero;Alto
619;milena ramírez;45;Masculino;usaquen;Medio
620;Alberto Ochoa;19;Femenino;Chapinero;alto
621;  Jesús  Díaz  ;43;No binario;ENGATIVA;Altoo
622;IVÁN ZAPATA;42;No binario;kennedy;bajoooo
623;Alfonso Ochoa;59;Otro;subaa;BAJO
624;  Mayerly  Salgado  ;42;Otro;Suba;bajoooo
625;Carlos Acevedo;30;Femenino;;bajo
626;ANTONIO ALVARADO;37;No binario;Chapinero;Bajo
627;Antonio Sánchez;31;No binario;kennedy;Medioo
628;PATRICIA MARÍN;49;No binario;Kennedyy;ALTO
629;AngieCastro;75;Masculino;CHAPINEROOO;Medio
630;luz palacios;69;Masculino;Engativá ;ALTO
631;Mercedes Cárdenas;54;Otro;chapinero;Medioo
632;LUZ SERRANO;66;Otro;subaa;Medioo
633;ANA ALVARADO;57;Femenino;;Bajo
634;;63;Otro;SUBA;bajo
635;Guillermo Garzón;33;Masculino;SUBA;Medio
636;José Restrepo;18;Femenino; Suba;Medioo
637;Luis Mercado;32;Femenino;chapinero;Alto
638;Johan Cardona;29;Masculino;engativa;Bajooo
639;Edwin Arango;47;Masculino;CHAPINEROOO;Bajo
640;angélica acosta;64;Otro;Usaquén ;Medio
641;LUCÍA MARTÍNEZ;73;Femenino;KENNEDY;Bajooo
642;Sandra Maldonado;42;No binario;engativa;bajo
643;NubiaForero;35;No binario;CHAPINEROOO;bajo
644;José Pérez;58;Femenino;kennedy;Medio
645;Esther Mendoza;31;No binario;Engativá ;bajo
646;Estella Guzmán;55;Masculino;Usaquén;medio
647;Cecilia Arias;43;Masculino;CHAPINERO;Altoo
648;;31;Otro;Engativá;
649;  Amparo  Parra  ;54;Masculino;subaa;ALTO
650;Gladys Carvajal;47;Masculino;Engativá;ALTO
651;FabiánJaimes;35;Femenino;Engativá;bajoooo
652;PATRICIA LÓPEZ;61;Masculino;engativa;Bajo
653;  Javier  Gutiérrez  ;22;Femenino;Usaquén ;Medio
654;Daniel Hoyos;73;Femenino;CHAPINERO;BAJO
655;Eliecer Arboleda;41;No binario;Suba;MEDIO
656;Nelly Murillo;57;Masculino;subaa;Bajooo
657;Isabel Romero;24;Masculino;SUBA;bajo
658;Fidel Benavides;61;Femenino;Engativá ;alto
659;  Socorro  Hurtado  ;;Otro;Usaquén ;Altoo
660;Duván Álvarez;71;No binario;Kennedy;BAJO
661;Leonor Mercado;36;Masculino;USAQUEN;Alto
662;  John  Camacho  ;29;Femenino;Suba;bajoooo
663;Pablo Daza;31;Masculino;engativa;medio
664;  Manuel  Silva  ;19;No binario;subaa;Alto
665;;50;Otro;USAQUEN;Altoo
666;Jorge Salazar;54;No binario;Suba;Bajo
667;Julieth Morales;43;Femenino;Engativá;Medioo
668;Gloria Rojas;67;Masculino;subaa;Medio
669;Michael Reyes;56;Masculino;engativa;ALTO
670;Lorena Hernández;36;Otro;kennedy;ALTO
671;Ana Meza;46;No binario;Engativá ;Medioo
672;diana fuentes;73;Otro;KENNEDY;Medio
673;;35;No binario;Kennedy;Bajooo
674;Fredy Loaiza;37;Otro;subaa;Altoo
675;;58;No binario;USAQUEN;medio
676;María Quintero;;No binario;Engativá;bajoooo
677;Sebastián Hernández;58;Masculino;KENNEDY;
678;Leonor Pérez;47;Femenino;Usaquén;Bajooo
679;Álvaro Fuentes;36;Masculino;CHAPINEROOO;Medioo
680;Edwin Pérez;70;Otro;engativa;Medioo
681;francy peña;36;No binario;CHAPINEROOO;Alto
682;Javier Moreno;53;Masculino;Engativá;Alto
683;Estefanía Gutiérrez;41;No binario;Kennedyy;bajoooo
684;César Cardona;25;Femenino;USAQUEN;Alto
685;Andrés Álvarez;25;No binario;Usaquén;Bajo
686;Mario Correa;25;Masculino;Chapinero;Altoo
687;Fredy Morales;30;Otro;;ALTO
688;Michael Bustamante;28;Femenino;Engativá;Medioo
689;Esmeralda Castro;36;Masculino;Suba;MEDIO
690;Nidia Silva;29;Masculino;engativa;Bajooo
691;Junior Ayala;38;Masculino;SUBA;ALTO
692;Francisco Hernández;49;Otro;USAQUEN;medio
693;Tatiana Bedoya;45;Masculino;SUBA;bajoooo
694;Omar Cortés;24;Masculino;ENGATIVA;Medioo
695;Sandra Sanabria;28;Femenino;Kennedyy;Bajooo
696;Hernando Gutiérrez;35;Otro;ENGATIVA;alto
697;Cristian Ortiz;35;No binario;usaquen;bajo
698;anderson sánchez;21;No binario;CHAPINEROOO;alto
699;Francy Monroy;66;No binario;chapinero;medio
700;Inés Cardona;73;Masculino;Usaquén;Medio
701;Doris Rodríguez;47;;USAQUEN;Alto
702;luz sierra;49;No binario;kennedy;medio
703;  Leidy  Portilla  ;34;No binario;engativa;BAJO
704;JanethGómez;71;Masculino;Usaquén ;Bajooo
705;Ramiro Villa;60;Femenino;KENNEDY;ALTO
706;Jesús Mercado;19;Masculino;Engativá ;Bajooo
707;Marcela Gutiérrez;38;No binario;Suba;Medio
708;Álvaro Vélez;69;Otro;USAQUEN;Bajooo
709;Isabel Rueda;22;Femenino;Usaquén;Medioo
710;Mayerly Rodríguez;23;Masculino;usaquen;Altoo
711;Ana Muñoz;22;Otro;USAQUEN;MEDIO
712;Fredy Caicedo;50;Femenino; Suba;Medioo
713;Miguel Silva;47;No binario;Usaquén;bajoooo
714;Martha Gutiérrez;66;No binario;Engativá;Bajooo
715;Karen Gómez;61;No binario;Kennedy;bajo
716;Mireya Alzate;45;Masculino;usaquen;BAJO
717;Ester González;59;No binario;Usaquén;Medio
718;Anderson Hurtado;44;Masculino;Kennedy;Medioo
719;María Molina;71;Otro;Engativá;Medio
720;Olga Sánchez;65;Femenino;chapinero;Alto
721;Yolima Garzón;73;No binario;Suba;Bajooo
722;Daniela Guerrero;68;Otro;engativa;Bajo
723;Enrique García;65;Masculino;CHAPINERO;Bajooo
724;Aldemar Martínez;69;Femenino;ENGATIVA;
725;Andrés Palacios;37;Femenino;CHAPINEROOO;alto
726;Adalberto Cortés;68;;SUBA;Bajooo
727;Sara Correa;70;Femenino; Suba;Bajooo
728;Fernando Bejarano;47;Masculino;CHAPINEROOO;Altoo
729;JohanaRodríguez;37;Masculino;CHAPINERO;Altoo
730;Fabián Herrera;61;Otro;Kennedy;alto
731;Felipe Méndez;23;Femenino;ENGATIVA;Medioo
732;Ángel Galvis;59;Femenino;subaa;ALTO
733;VanessaGómez;56;Masculino;CHAPINEROOO;Medio
734;;67;No binario;SUBA;ALTO
735;Luis Aguilar;35;No binario;Engativá ;Medioo
736;Carolina Patiño;30;No binario;Chapinero;BAJO
737;Margoth Vélez;55;No binario;SUBA;bajoooo
738;Fernando Arrieta;42;Otro;kennedy;bajoooo
739;Patricia Guevara;56;Masculino;;Bajooo
740;Yineth Jiménez;75;Femenino; Suba;bajoooo
741;maría ramírez;51;Otro;Usaquén;medio
742;María Saavedra;45;Otro;usaquen;Bajooo
743;José Villamil;66;No binario;Kennedy;Alto
744;Andrés Muñoz;45;No binario;engativa;MEDIO
745;Alfonso Ramírez;73;Otro;USAQUEN;Alto
746;Edith Ocampo;60;Masculino;KENNEDY;Medio
747;Arturo Quintero;39;;Suba;Medioo
748;paola morales;19;No binario;usaquen;Bajo
749;AlexisVillamizar;46;Femenino;Usaquén;BAJO
750;KEVIN GIRALDO;56;No binario;CHAPINERO;Bajooo
751;Dairo Zapata;67;Femenino;SUBA;ALTO
752;Nelsy Salgado;26;Masculino; Suba;medio
753;José Meneses;45;No binario;Kennedyy;alto
754;DanielGarcía;47;Femenino; Suba;MEDIO
755;Alberto Pinto;69;Femenino;USAQUEN;MEDIO
756;Luis Ruiz;20;No binario;subaa;Medioo
757;Ana Durán;67;Masculino;subaa;Alto
758;VivianaAgudelo;63;No binario;subaa;BAJO
759;Jennifer Barrios;31;Otro;Suba;Bajo
760;;28;No binario;Kennedyy;BAJO
761;Dayana Gómez;61;No binario;Engativá;Bajo
762;Gabriel Romero;30;Femenino;Kennedy;Bajooo
763;Abraham Castro;23;No binario;Engativá ;
764;  Aurelio  Erazo  ;49;No binario;chapinero;Bajooo
765;AnaHenao;63;No binario;KENNEDY;MEDIO
766;JulianaMeneses;50;No binario;Usaquén;Bajooo
767;Manuel Cantillo;59;No binario;Kennedyy;bajoooo
768;Isabel Calderón;64;Otro; Suba;alto
769;Julio Gómez;60;Otro;ENGATIVA;alto
770;Patricia Patiño;72;Femenino;Engativá;Alto
771;  Victoria  Flórez  ;68;No binario;chapinero;Bajo
772;Carlos Calderón;29;Masculino;Usaquén ;Medioo
773;Manuel Núñez;39;Masculino;kennedy;Alto
774;Alicia Castellanos;24;No binario;Suba;Altoo
775;Carlos Contreras;70;Masculino;Suba;bajoooo
776;Fanny Bernal;50;Masculino;engativa;Alto
777;Tatiana González;67;Femenino;SUBA;MEDIO
778;Felipe Sierra;44;Femenino; Suba;bajo
779;Ximena Londoño;75;Otro;subaa;Bajo
780;Lina Muñoz;39;Femenino;ENGATIVA;alto
781;  Liseth  Orjuela  ;58;Otro;kennedy;ALTO
782;Alexandra Alarcón;;Femenino;subaa;MEDIO
783;Dina González;40;No binario;USAQUEN;MEDIO
784;Hernando Cárdenas;26;Otro; Suba;MEDIO
785;Ernesto Marín;;Otro;USAQUEN;MEDIO
786;ANDREA CARRILLO;58;Masculino;Suba;Medioo
787;Santiago Ruiz;69;Femenino;USAQUEN;ALTO
788;erika martínez;65;Otro;chapinero;bajoooo
789;andrés galindo;44;Masculino;Kennedy;medio
790;Hernando Amaya;53;No binario;KENNEDY;Bajooo
791;Edison Henao;64;Femenino;Kennedy;medio
792;William Palacios;25;No binario;CHAPINEROOO;bajoooo
793;paola ramírez;25;Otro;Kennedy;BAJO
794;Isabel Angulo;68;No binario;USAQUEN;bajo
795;María Cortés;;Masculino;Engativá ;BAJO
796;Eliana Arenas;48;Femenino; Suba;Altoo
797;Luis Ávila;38;No binario;ENGATIVA;Bajo
798;Andrea Álvarez;59;Femenino;KENNEDY;Altoo
799;Jhan Pinzón;53;Masculino; Suba;medio
800;AndrésSolano;52;Masculino;chapinero;ALTO
801;Armando García;52;No binario;SUBA;Bajo
802;  Santos  Bedoya  ;;No binario;Suba;MEDIO
803;norma duarte;23;No binario;Usaquén;bajoooo
804;Johanna Monsalve;24;No binario;usaquen;Medio
805;Julio Bedoya;33;No binario;usaquen;medio
806;ROSA PARADA;;Masculino;KENNEDY;bajo
807;Karol Vallejo;54;Masculino; Suba;Alto
808;Luz González;52;No binario;subaa;Medioo
809;Lucía Pérez;;No binario;usaquen;Bajooo
810;Paula Blanco;71;Masculino;kennedy;BAJO
811;Erika Ibarra;64;Otro;chapinero;Altoo
812;Johan Sanabria;34;No binario;Usaquén ;medio
813;Tatiana Acevedo;26;Masculino;Chapinero;alto
814;Luis Hernández;49;Masculino;Engativá;alto
815;angie lozano;42;Otro;Chapinero;bajoooo
816;José Pérez;19;Otro;Kennedyy;Altoo
817;Libardo Sánchez;41;;Kennedyy;bajo
818;Alexander Camargo;35;No binario;chapinero;Medioo
819;Alberto Benítez;55;Masculino;KENNEDY;MEDIO
820;Luis Luna;19;Otro;subaa;
821;María Gómez;72;No binario;Engativá ;alto
822;Jorge Escobar;20;Femenino;Engativá ;bajoooo
823;;23;Masculino;CHAPINERO;Bajooo
824;Jesús Castañeda;39;Masculino;;Bajo
825;Marta Henao;34;No binario;Usaquén ;bajoooo
826;Katherin Pineda;56;Masculino;KENNEDY;Bajo
827;Nancy Arteaga;62;Femenino;subaa;Medioo
828;RITA CIFUENTES;53;No binario;Kennedyy;bajo
829;Manuel Jiménez;47;No binario;Kennedyy;alto
830;Patricia Martínez;39;Masculino;Kennedyy;Medioo
831;  Estella  Ramos  ;58;Otro;Kennedyy;bajo
832;AdrianaCalderón;55;Otro;kennedy;Alto
833;Eugenia Pinzón;18;Femenino; Suba;MEDIO
834;Felipe Estrada;30;Femenino;Usaquén ;medio
835;Hermes Hernández;39;Otro;Engativá ;Medio
836;Astrid Londoño;32;Femenino;subaa;bajo
837;Yolanda Correa;69;Femenino;Chapinero;Medio
838;Alba Vargas;46;Otro;Chapinero;BAJO
839;Diana Gutiérrez;39;Femenino;Chapinero;BAJO
840;KellyGarzón;42;Masculino;chapinero;bajo
841;Esther Leal;51;No binario;Engativá;Alto
842;  Cecilia  Valencia  ;41;No binario;CHAPINERO;Altoo
843;  Carlos  Álvarez  ;68;Femenino;usaquen;MEDIO
844;Cristian Sierra;23;Masculino;ENGATIVA;alto
845;José Sierra;29;Otro;SUBA;medio
846;Natalia Rodríguez;68;Masculino;chapinero;bajo
847;Giovanny Mora;54;Otro;Engativá;Medio
848;Didier Rojas;20;Otro;subaa;bajoooo
849;Dayana Martínez;29;Otro;engativa;BAJO
850;Magnolia Nieto;68;Femenino;Engativá;MEDIO
851;  Jesús  Correa  ;37;Otro;Kennedyy;Altoo
852;Andrés Sanabria;67;Otro;ENGATIVA;Medioo
853;GabrielaNieto;66;No binario;chapinero;MEDIO
854;Miguel Cabrera;70;Masculino;chapinero;ALTO
855;Dora Castillo;19;Femenino;Chapinero;alto
856;Carlos Ramírez;61;Otro;Chapinero;Bajo
857;  Luis  García  ;39;No binario;chapinero;Medio
858;  José  Cabrera  ;54;Otro;Suba;Alto
859;Blanca Villamil;29;No binario;CHAPINERO;MEDIO
860;MANUEL GONZÁLEZ;28;No binario;Suba;Bajooo
861;HERMES MEDINA;73;Femenino;SUBA;Medioo
862;William Herrera;61;Femenino;;Medio
863;Samuel Tovar;39;No binario;KENNEDY;Medio
864;Alejandra Palacios;62;Otro;CHAPINEROOO;Alto
865;José Gómez;60;Masculino;Usaquén;Alto
866;Marcela Quintero;22;Femenino;Engativá ;MEDIO
867;Clemencia Cruz;50;Otro;CHAPINEROOO;MEDIO
868;AlbertoMolina;61;No binario;ENGATIVA;Bajooo
869;Teresa Ávila;26;No binario;Engativá;alto
870;Cecilia Cerón;70;Femenino;Chapinero;Alto
871;Jairo Jiménez;22;Masculino;Kennedy;Alto
872;MarySalcedo;31;Masculino; Suba;ALTO
873;andrés blanco;46;Masculino;ENGATIVA;bajo
874;Karen Ayala;44;;;alto
875;Aura Gil;69;Femenino;Usaquén;Medio
876;Edilson Orozco;57;No binario;Suba;Medio
877;  Orlando  Bonilla  ;38;;CHAPINERO;BAJO
878;Eduardo Rodríguez;31;No binario;Suba;Altoo
879;Cielo Parada;24;No binario;Kennedy;alto
880;Julián Guevara;60;Otro;;medio
881;Carlos Camargo;55;Masculino;Kennedyy;Medio
882;Juan Pérez;57;Femenino;USAQUEN;Bajooo
883;AntonioBeltrán;56;No binario;Usaquén ;bajoooo
884;Héctor Sánchez;44;Otro;CHAPINERO;bajoooo
885;Manuel Gómez;60;Femenino;ENGATIVA;Alto
886;MarlonGonzález;22;Masculino;Kennedy;Alto
887;María Álvarez;31;Masculino;subaa;ALTO
888;Lucía Barrios;37;No binario;chapinero;Altoo
889;Lucy Guevara;42;No binario;Kennedyy;Altoo
890;Marco Arboleda;66;Masculino;USAQUEN;Alto
891;  Felipe  Martínez  ;37;No binario;SUBA;Alto
892;  Isabel  Rojas  ;18;;engativa;Bajooo
893;Camila Durán;49;Masculino;Usaquén;Medio
894;Andrés Álvarez;45;Otro;SUBA;bajoooo
895;Carolina Barreto;65;No binario;engativa;alto
896;Nubia Mosquera;56;Femenino;Kennedyy;alto
897;ÁngelCamargo;59;No binario;KENNEDY;Medio
898;  Jorge  Aguirre  ;71;Otro;kennedy;Bajooo
899;David Ramírez;64;Masculino;engativa;BAJO
900;Esther Velásquez;37;;SUBA;
901;Lorena Cardozo;59;No binario;engativa;Alto
902;  Stella  Gutiérrez  ;46;Femenino;Usaquén;Altoo
903;Adriana Rueda;44;Masculino;CHAPINEROOO;Medio
904;Valentina Romero;55;No binario;Suba;
905;Oswaldo Rosero;68;Masculino;Chapinero;MEDIO
906;Esperanza González;48;No binario;Usaquén ;bajo
907;Javier Rivera;21;Otro;Chapinero;ALTO
908;Aurelio Figueroa;19;Otro;CHAPINERO;Medioo
909;Wilmar Cifuentes;60;Otro;;Bajo
910;Nancy Gutiérrez;32;No binario;Engativá;medio
911;Alejandro Herrera;64;Femenino; Suba;Altoo
912;Vanesa Muñoz;68;No binario;subaa;medio
913;Yina Ramírez;66;Masculino;Chapinero;bajoooo
914;Andrés Saavedra;34;Masculino;kennedy;medio
915;Jhon Hernández;54;Masculino;ENGATIVA;ALTO
916;David Fernández;53;No binario;CHAPINERO;BAJO
917;OLGA CAMACHO;30;Masculino;Kennedy;Bajooo
918;AndrésHenao;52;No binario;Usaquén ;Altoo
919;Luz Peña;56;Masculino;kennedy;bajoooo
920;Óscar López;49;Femenino;Kennedy;Altoo
921;ÁngelRodríguez;50;Masculino;KENNEDY;bajo
922;Luis Oviedo;69;Femenino;CHAPINERO;Bajo
923;Silvia Betancur;64;Femenino;kennedy;Bajooo
924;Henry Acosta;43;Otro;chapinero;MEDIO
925;alejandra alfonso;55;Masculino;USAQUEN;Alto
926;Angélica Jaimes;75;Femenino;chapinero;Bajo
927;Nicolás López;68;Femenino;Engativá ;Alto
928;CARLOS LOZANO;29;Masculino;Usaquén ;Alto
929;Daniel Cuesta;33;Otro;CHAPINEROOO;Bajooo
930;Arley Pérez;23;No binario;subaa;Medio
931;alonso díaz;50;No binario;Suba;Alto
932;Jonathan Bolívar;37;Masculino;kennedy;ALTO
933;;52;No binario;KENNEDY;Altoo
934;Catalina Zapata;60;Femenino;CHAPINEROOO;
935;Segundo Burgos;54;Femenino;usaquen;Bajo
936;robinson pardo;52;Masculino;Usaquén;MEDIO
937;María Jaramillo;26;Otro;engativa;MEDIO
938;SANDRA RIASCOS;33;;chapinero;Medioo
939;Amparo Villamil;64;Masculino;usaquen;Alto
940;ANDRÉS ZAPATA;45;Femenino;Engativá;BAJO
941;Duván Melo;41;Femenino;Kennedy;Altoo
942;VilmaRamírez;22;Masculino;Engativá ;alto
943;Martha Pérez;27;Femenino;Suba;bajo
944;irma muñoz;29;Otro;SUBA;bajoooo
945;Rosa Galvis;56;Masculino;ENGATIVA;Altoo
946;Dario Jaramillo;56;No binario;Kennedy;alto
947;  Rafael  Díaz  ;42;Otro;engativa;bajo
948;Esteban Triana;46;No binario;usaquen;MEDIO
949;Pablo Molina;37;Masculino;Engativá ;Medio
950;ANDREA CAMACHO;23;Masculino;USAQUEN;medio
951;RosaHernández;61;Femenino; Suba;alto
952;Paula Vargas;57;Masculino;kennedy;bajo
953;Beatriz Moreno;74;Masculino;CHAPINEROOO;Altoo
954;Alfonso Posada;71;Otro;Engativá ;Alto
955;karen vanegas;33;Masculino;SUBA;bajo
956;;43;Otro; Suba;Bajo
957;María Arango;21;No binario;engativa;bajoooo
958;  Jhon  Martínez  ;24;Femenino; Suba;Bajooo
959;Paola Suárez;60;No binario;USAQUEN;Alto
960;Mariana Sierra;60;Femenino;Engativá ;
961;Johan Narváez;36;No binario;Usaquén ;Alto
962;Mercedes González;35;No binario;Kennedy;Altoo
963;Albeiro Jiménez;65;No binario;Suba;Alto
964;David Torres;33;Otro;Kennedyy;Bajooo
965;Marcela Sánchez;45;Femenino;CHAPINEROOO;Altoo
966;César Calderón;60;Femenino;Suba;MEDIO
967;  Marta  Caicedo  ;58;Femenino;ENGATIVA;bajo
968;Ofelia Montoya;23;No binario;USAQUEN;bajo
969;Enrique Torres;45;Otro;engativa;bajoooo
970;Esther Tovar;29;Masculino;Usaquén ;medio
971;Omar García;34;Otro;Suba;Bajo
972;Wendy Rueda;41;Otro;KENNEDY;bajoooo
973;Ana Ospina;23;Femenino;Kennedyy;Medioo
974;Luz Vásquez;30;Masculino;kennedy;BAJO
975;José Córdoba;64;Femenino;kennedy;Altoo
976;Milena Valencia;75;Masculino;Engativá;MEDIO
977;José González;;Femenino;KENNEDY;ALTO
978;Adriana Orozco;52;Masculino; Suba;Altoo
979;Andrea Palacios;18;Femenino;Chapinero;Altoo
980;Mario Cárdenas;34;Femenino;usaquen;Alto
981;José Cruz;58;Otro;usaquen;Bajo
982;Luz Restrepo;52;Otro;engativa;ALTO
983;Mario Vanegas;75;Otro;Chapinero;bajo
984;Rosalba Ayala;19;Masculino;ENGATIVA;BAJO
985;Mauricio Escobar;70;Otro;KENNEDY;Altoo
986;María Herrera;45;No binario;CHAPINEROOO;Alto
987;Patricia Portilla;59;Otro;CHAPINEROOO;alto
988;IGNACIO GARCÍA;33;No binario; Suba;Altoo
989;Oswaldo Gómez;19;Masculino;Usaquén;Altoo
990;maribel solano;18;Masculino;Suba;bajoooo
991;SEBASTIÁN MANTILLA;66;No binario;USAQUEN;Alto
992;Jorge Salazar;52;Masculino;USAQUEN;Bajooo
993;Osvaldo Flórez;;Femenino;USAQUEN;alto
994;Gabriel Fajardo;25;Masculino;USAQUEN;Medioo
995;Janeth Carrillo;23;Femenino; Suba;Alto
996;  Alexander  Montoya  ;37;Otro;Suba;medio
997;Jesús Romero;63;Masculino;Kennedy;Alto
998;Gloria Montoya;68;Masculino;Engativá ;BAJO
999;Andrés Padilla;67;Otro;SUBA;Bajooo
1000;Inés Rodríguez;59;No binario;SUBA;medio
1001;María Jiménez;55;Femenino;CHAPINERO;bajo
1002;JavierVásquez;26;Masculino;engativa;Altoo
1003;Andrés Bravo;72;No binario;CHAPINERO;Alto
1004;Esther Herrera;64;;engativa;Medio
1005;ESPERANZA CUESTA;73;Femenino;Engativá;Bajo
1006;Daniel González;29;Femenino;USAQUEN;ALTO
1007;Edwin Guerrero;36;Masculino;Usaquén;Alto
1008;SebastiánLoaiza;61;No binario;usaquen;MEDIO
1009;María Rojas;35;No binario;Kennedy;Bajooo
1010;Diana Gómez;65;Masculino;subaa;alto
1011;Juan Narváez;69;No binario;Suba;bajoooo
1012;Luz Mena;;Masculino;Kennedyy;
1013;  Yamile  Moreno  ;20;Masculino;KENNEDY;Altoo
1014;MarinaAlvarado;37;;USAQUEN;MEDIO
1015;Luz Mora;26;Masculino; Suba;Altoo
1016;NancyAyala;48;Masculino;Kennedy;Medio
1017;MIGUEL RUIZ;74;Femenino;CHAPINEROOO;MEDIO
1018;Juan Sandoval;67;Femenino;engativa;Bajooo
1019;Angélica Suárez;33;Masculino;KENNEDY;medio
1020;IsabelDurán;37;Masculino;subaa;BAJO
1021;Inés Suárez;23;No binario;SUBA;Altoo
1022;Luz Núñez;25;No binario;USAQUEN;Medioo
1023;fabio vallejo;72;Otro;Engativá ;BAJO
1024;Antonio Osorio;59;Femenino;kennedy;
1025;Eva Cardozo;43;Femenino;subaa;bajoooo
1026;Libardo Sandoval;47;Femenino;ENGATIVA;bajo
1027;JULIÁN RUIZ;56;No binario;subaa;Alto
1028;marta sánchez;54;;ENGATIVA;Altoo
1029;Leonor Gallego;21;Masculino;Engativá ;alto
1030;clemencia gaitán;23;No binario; Suba;BAJO
1031;KAREN TORO;45;Otro;engativa;medio
1032;Mario Ceballos;62;No binario;kennedy;Medioo
1033;Luis Bolaños;27;Otro;;Alto
1034;Luis Hernández;61;Masculino;Kennedy;alto
1035;OLGA RAMÍREZ;30;Femenino;chapinero;bajo
1036;Jorge Caballero;;Masculino;USAQUEN;Medio
1037;Edgar López;44;No binario;Usaquén ;Alto
1038;Daniel Ramírez;28;No binario;Engativá ;ALTO
1039;Alba Gil;23;Masculino;Chapinero;Bajooo
1040;Alberto Arboleda;52;No binario;Usaquén;Bajooo
1041;Liliana Castellanos;25;No binario;engativa;medio
1042;Daniel Velásquez;65;Otro; Suba;alto
1043;Carol Polo;44;Masculino;Engativá ;Bajo
1044;Nelly Yepes;70;Otro;KENNEDY;bajo
1045;María Cuesta;43;No binario;ENGATIVA;Alto
1046;Emiro González;32;Femenino;KENNEDY;Altoo
1047;Jhan Acosta;38;Masculino;;
1048;  Olga  Agudelo  ;52;Masculino;Chapinero;Alto
1049;Adriana Ceballos;29;Femenino;kennedy;ALTO
1050;Luis Guevara;60;Masculino;Chapinero;Medioo
1051;mery lozano;25;Otro;CHAPINEROOO;medio
1052;Clara Muñoz;24;Masculino;SUBA;Medio
1053;José Zapata;58;Femenino;Chapinero;alto
1054;Diana Bejarano;39;No binario;Kennedyy;Alto
1055;Yuly Villa;56;;;Alto
1056;Néstor Arias;19;Femenino;Kennedy;medio
1057;FABIOLA LONDOÑO;59;No binario;ENGATIVA;BAJO
1058;Inés Sánchez;35;Masculino;KENNEDY;Altoo
1059;Beatriz Betancur;46;Otro;Kennedyy;Bajooo
1060;Carlos Guerrero;58;No binario;Usaquén;BAJO
1061;Lucía Valencia;59;Otro;Suba;bajoooo
1062;  Lizeth  Roa  ;31;Otro;Usaquén ;bajoooo
1063;Melba Hoyos;54;Femenino;ENGATIVA;bajo
1064;manuel muñoz;56;Masculino;Engativá ;Bajooo
1065;Armando Parada;69;Masculino;Engativá ;medio
1066;Jorge Rincón;54;;;Medioo
1067;Claudia Rosero;71;Masculino; Suba;alto
1068;;71;Otro;engativa;MEDIO
1069;Carolina Pinzón;37;No binario;Suba;Medioo
1070;Anyi Alarcón;26;Otro;Engativá ;Medio
1071;Andrés Bedoya;75;Masculino;Usaquén;Altoo
1072;LuzGómez;34;No binario;CHAPINEROOO;Medioo
1073;edgar garcés;66;No binario;Suba;bajo
1074;Enrique Cabrera;38;No binario;usaquen;ALTO
1075;Jessica Benítez;60;Femenino;Engativá;Bajo
1076;Cristina Toro;42;Masculino;KENNEDY;MEDIO
1077;María Mora;47;Masculino;CHAPINERO;Bajooo
1078;Katherine Garzón;67;Masculino;CHAPINEROOO;Medioo
1079;enrique garzón;65;Masculino;CHAPINEROOO;medio
1080;Lidia Reyes;53;No binario;ENGATIVA;MEDIO
1081;María Caicedo;21;No binario;chapinero;Medioo
1082;María Contreras;24;Femenino;CHAPINERO;Bajo
1083;Esperanza Rendón;35;No binario;Suba;ALTO
1084;María Guerra;40;Otro;Suba;ALTO
1085;Javier Arévalo;62;Otro;CHAPINEROOO;medio
1086;StevenGonzález;39;;Engativá;Altoo
1087;Diana Sánchez;55;;SUBA;Bajo
1088;Liliana Silva;51;Femenino;Suba;ALTO
1089;Víctor Ortiz;52;No binario;subaa;
1090;Catalina Arias;67;No binario; Suba;Bajo
1091;Mariana Ospina;27;Masculino;Engativá ;ALTO
1092;Heriberto Torres;24;No binario; Suba;alto
1093;Manuel Miranda;35;Masculino;Usaquén ;Medio
1094;Jesús Andrade;68;Masculino;SUBA;Alto
1095;  Rafael  López  ;57;Femenino;USAQUEN;BAJO
1096;;36;Masculino;USAQUEN;
1097;Lizeth Cortés;26;Otro; Suba;Altoo
1098;Luz Rodríguez;27;Femenino;Engativá;Bajo
1099;Carolina Sierra;58;No binario;Suba;BAJO
1100;  Katerine  Páez  ;74;Femenino;chapinero;Bajooo
1101;Carlos Andrade;54;No binario;ENGATIVA;Bajooo
1102;Diana Contreras;50;Otro;Engativá ;Bajooo
1103;María Rojas;;Masculino;Kennedyy;Altoo
1104;Gabriel Murcia;52;Otro;ENGATIVA;alto
1105;;73;Masculino;usaquen;alto
1106;Damaris Gómez;54;Otro;Suba;alto
1107;Patricia Velandia;51;No binario;Kennedy;BAJO
1108;Raúl Londoño;57;Masculino;Kennedy;Medio
1109;María Oviedo;19;No binario;Suba;medio
1110;Eugenia Salamanca;52;No binario;Kennedyy;Alto
1111;  Juan  Espinosa  ;60;Femenino;USAQUEN;Medio
1112;Alejandro Castillo;43;Masculino;Engativá ;BAJO
1113;Ana Pérez;;No binario;engativa;medio
1114;Daniela Palacio;;Femenino; Suba;Medio
1115;  Ligia  Triana  ;54;Femenino;USAQUEN;Medio
1116;Vanessa Tovar;48;Femenino; Suba;MEDIO
1117;Isabel Ojeda;55;No binario;Chapinero;Alto
1118;Daniel Sierra;61;Femenino;CHAPINERO;Alto
1119;Roger Martínez;22;Otro;Engativá;bajoooo
1120;Xiomara Velasco;38;No binario;KENNEDY;bajo
1121;Flor Solano;30;No binario;chapinero;Bajo
1122;Wilmar Medina;69;Masculino;Engativá ;Medio
1123;Iván Gómez;64;No binario;chapinero;medio
1124;Esperanza Ángel;72;Masculino;ENGATIVA;Medioo
1125;Concepción Mosquera;25;Masculino;Usaquén ;
1126;Alex Mejía;42;Masculino;CHAPINEROOO;Medio
1127;Manuel Durán;57;No binario;kennedy;Medio
1128;Andrea Beltrán;59;;usaquen;Altoo
1129;Orlando Amaya;39;Masculino;Engativá;Medioo
1130;Ana Sánchez;20;Masculino;Kennedyy;Medio
1131;Alejandro Acevedo;64;Masculino;CHAPINERO;Bajooo
1132;Jairo Ruiz;32;;chapinero;Bajooo
1133;Sandra Rodríguez;21;No binario;Engativá ;MEDIO
1134;Natalia Mosquera;75;Femenino;Usaquén;Medio
1135;Alba Hernández;74;Masculino;Chapinero;bajo
1136;LILIANA CARDONA;29;Otro;CHAPINERO;Alto
1137;Luis Parra;22;Femenino;engativa;bajo
1138;María Mosquera;53;Femenino;usaquen;MEDIO
1139;ANDREA CARVAJAL;63;No binario;chapinero;MEDIO
1140;Camila Flórez;41;Femenino;CHAPINERO;alto
1141;Margarita Giraldo;;Otro;ENGATIVA;Medio
1142;Ana Galeano;19;No binario;CHAPINERO;Alto
1143;Anderson Mantilla;20;Otro;Kennedyy;bajoooo
1144;Carlos Pérez;55;Masculino;Kennedyy;Bajooo
1145;Mery Hernández;69;No binario;USAQUEN;MEDIO
1146;Karen Rincón;51;No binario;CHAPINERO;Bajo
1147;Patricia Mejía;33;Otro;ENGATIVA;BAJO
1148;Piedad Ramos;69;Masculino;KENNEDY;BAJO
1149;Ana Vargas;;;engativa;MEDIO
1150;ESTHER PINEDA;35;Otro;subaa;Altoo
1151;Juan Ramírez;32;Femenino;Usaquén;alto
1152;Sandra Suárez;55;Femenino;usaquen;Bajo
1153;Efrain Quintero;63;Femenino;Engativá;Medio
1154;Antonio Arenas;41;No binario;Engativá ;Alto
1155;Sofía Quintero;44;Otro;USAQUEN;Alto
1156;Víctor Estrada;55;;Usaquén ;Altoo
1157;Roger Hernández;31;Masculino;Kennedy;alto
1158;ANGÉLICA ERAZO;32;No binario;Suba;MEDIO
1159;Alejandra Álvarez;51;Otro;KENNEDY;bajo
1160;Octavio Tamayo;32;Masculino;subaa;Bajooo
1161;Margarita Vélez;41;Femenino;Engativá ;Alto
1162;Dina Escobar;61;Femenino;USAQUEN;Medio
1163;Olga Rivera;54;Femenino;subaa;
1164;Víctor Medina;48;Femenino;Engativá ;
1165;MARTHA OSPINA;51;No binario;ENGATIVA;bajo
1166;juan vásquez;75;Masculino;Usaquén;bajoooo
1167;Manuel Caicedo;65;Otro;Kennedy;ALTO
1168;Jeison Restrepo;23;Masculino;engativa;medio
1169;Camilo Mendoza;55;Masculino;SUBA;Medioo
1170;Margarita Aguirre;45;No binario;CHAPINEROOO;Bajo
1171;Leonardo Rosero;31;Otro;Kennedyy;bajoooo
1172;maribel sierra;46;Femenino;usaquen;Altoo
1173;Fernando Vargas;24;Femenino;;MEDIO
1174;  Alexander  Forero  ;70;;KENNEDY;medio
1175;Fabián García;25;Masculino;Engativá ;Medio
1176;Nel Acosta;25;Masculino;CHAPINERO;bajoooo
1177;Yenny Mora;65;Masculino;Usaquén ;Bajo
1178;Marco Aguirre;38;Masculino;Chapinero;Medioo
1179;Andrés Mercado;34;No binario;SUBA;bajo
1180;CLARA LARA;64;Masculino;SUBA;bajo
1181;AndrésHenao;57;Femenino;SUBA;Alto
1182;Andrea Solano;60;No binario;kennedy;Medio
1183;Alexander Mosquera;66;No binario;Engativá ;medio
1184;Jorge Gómez;43;No binario;SUBA;alto
1185;Gerson Buitrago;74;No binario;Usaquén ;bajoooo
1186;Pilar Gallego;34;Otro;CHAPINERO;Bajo
1187;Eduar Osorio;28;Masculino;Kennedyy;Alto
1188;MaríaMuñoz;69;Otro;kennedy;Bajo
1189;José Delgado;28;No binario;CHAPINERO;Alto
1190;Carlos Córdoba;64;Masculino;Chapinero;MEDIO
1191;Cindy Giraldo;28;Masculino;CHAPINERO;ALTO
1192;Iván Fernández;26;Otro;Engativá;ALTO
1193;José Herrera;;Femenino;KENNEDY;bajo
1194;María López;45;Masculino;subaa;BAJO
1195;Marta Burgos;45;No binario;SUBA;ALTO
1196;Martha Ibarra;;No binario;kennedy;medio
1197;Isabel Álvarez;32;No binario;USAQUEN;Altoo
1198;YASMÍN ROJAS;31;No binario;Engativá;Medioo
1199;Rita Acosta;66;No binario;USAQUEN;Alto
1200;Betty Benavides;73;;kennedy;MEDIO
1201;Yolanda Suárez;47;Masculino;Engativá ;Bajooo
1202;EdwinGonzález;25;No binario;Suba;Bajooo
1203;Gustavo Jaimes;26;No binario;USAQUEN;BAJO
1204;Javier Pérez;38;Otro;CHAPINEROOO;MEDIO
1205;Marino Vargas;41;Otro;chapinero;ALTO
1206;Carolina Pérez;51;No binario;;Alto
1207;Luis Bustos;;Femenino;kennedy;Medio
1208;Cristina Parra;40;Femenino;Chapinero;BAJO
1209;Rosa Bedoya;64;No binario;kennedy;alto
1210;Yohana Gómez;31;Otro;Kennedy;Medioo
1211;David Ramírez;72;Otro;Kennedyy;medio
1212;JuanGiraldo;31;Femenino;SUBA;bajoooo
1213;Diego Rojas;69;No binario; Suba;bajo
1214;Alfonso Montes;48;Otro;Kennedyy;Alto
1215;Luz López;71;No binario;usaquen;MEDIO
1216;Alfredo Díaz;73;No binario;engativa;bajo
1217;Camila Cruz;30;Femenino;Chapinero;bajoooo
1218;LinaPrieto;24;Otro;Chapinero;Bajo
1219;Andrés Henao;62;Otro;KENNEDY;ALTO
1220;Juan León;49;Masculino;Chapinero;ALTO
1221;Juan Romero;26;Masculino;Usaquén;MEDIO
1222;Santiago Garzón;65;;Usaquén ;Alto
1223;John Rueda;51;;Engativá ;alto
1224;  Stella  Ávila  ;27;Masculino;Usaquén;bajo
1225;Ana Hernández;71;Masculino;kennedy;bajoooo
1226;Paola Suárez;47;Masculino;Engativá;Medioo
1227;RosaAguirre;18;Otro;CHAPINERO;alto
1228;José Guerrero;66;Otro;USAQUEN;Alto
1229;Marcela Flórez;35;Femenino;usaquen;BAJO
1230;Rosa Acevedo;67;No binario;CHAPINEROOO;Medioo
1231;Jhon Franco;62;Otro; Suba;ALTO
1232;ISIDRO CORTÉS;34;Otro;Suba;alto
1233;janneth hernández;41;Masculino;Suba;Bajo
1234;Eugenia Cardona;75;Otro;subaa;Altoo
1235;Luz Mosquera;54;No binario;CHAPINERO;bajoooo
1236;María Hernández;20;Femenino; Suba;Bajooo
1237;Víctor Corredor;19;Femenino;Kennedyy;MEDIO
1238;José Zapata;26;Masculino;USAQUEN;Alto
1239;Manuel Guerrero;18;Femenino;USAQUEN;Alto
1240;Pedro Reyes;33;Otro;;Medio
1241;Ana Gómez;48;No binario;Suba;bajoooo
1242;cristian jiménez;75;No binario;kennedy;medio
1243;Esperanza Montoya;;Femenino;engativa;MEDIO
1244;Claudia Cruz;22;Femenino;Usaquén;Bajooo
1245;Jairo Castañeda;27;No binario;SUBA;Bajooo
1246;Luis González;24;Masculino;Suba;Bajooo
1247;MarthaGuevara;54;No binario;;alto
1248;Armando Morales;34;Masculino;subaa;Altoo
1249;Armando Gómez;41;Femenino;kennedy;alto
1250;ÓscarVásquez;63;Femenino;Kennedyy;medio
1251;Evelio López;73;Otro;Kennedyy;BAJO
1252;Álvaro Espinosa;19;Femenino;Engativá ;
1253;Stella Anaya;40;No binario;Engativá;Alto
1254;Norma Romero;35;No binario;CHAPINERO;ALTO
1255;Víctor Mendoza;38;Femenino;Suba;ALTO
1256;Ovidio Guevara;45;Femenino;usaquen;ALTO
1257;Leidy Arrieta;25;Otro;Kennedyy;Altoo
1258;Juan Romero;48;No binario;CHAPINEROOO;alto
1259;Alejandro Barrera;36;No binario;Engativá ;BAJO
1260;Claudia Hernández;38;Femenino;;Medio
1261;Adriana Rojas;47;Otro;SUBA;Bajo
1262;Luz Romero;27;No binario;CHAPINEROOO;BAJO
1263;Blanca Montoya;23;Otro; Suba;BAJO
1264;Paula Rueda;27;Femenino;KENNEDY;Altoo
1265;Nancy Ortiz;49;No binario;Kennedy;Medio
1266;Esteban Rengifo;54;Femenino;ENGATIVA;bajoooo
1267;Manuel López;38;Masculino;Usaquén ;MEDIO
1268;Uriel Serna;47;No binario;CHAPINEROOO;Bajo
1269;Jair Ángel;29;Masculino;Engativá ;Bajooo
1270;ArturoHernández;57;Masculino;Engativá ;bajoooo
1271;  Arturo  Vargas  ;61;Otro;;Altoo
1272;Alejandro Salcedo;72;No binario;CHAPINERO;ALTO
1273;Cristian Buitrago;75;;subaa;Medioo
1274;Josefa Escobar;47;Masculino;Usaquén ;Alto
1275;Alba Peña;65;; Suba;Bajooo
1276;Yesenia Acevedo;63;Masculino;Usaquén;Bajooo
1277;Fabio López;43;No binario;Suba;BAJO
1278;José Castro;64;No binario;Kennedy;Altoo
1279;Segundo Arias;62;No binario;usaquen;ALTO
1280;Leandro Valencia;54;Masculino;Kennedy;Bajo
1281;María Perdomo;36;Femenino;USAQUEN;medio
1282;  Felipe  Ariza  ;26;Otro;usaquen;Bajo
1283;Dolores Vergara;18;No binario;CHAPINEROOO;alto
1284;Clara Martínez;41;No binario; Suba;medio
1285;AndrésTorres;39;Femenino;usaquen;ALTO
1286;Ruby Rojas;47;Masculino; Suba;ALTO
1287;Alba Salcedo;24;Masculino;kennedy;MEDIO
1288;Gladys Escobar;54;Femenino;CHAPINEROOO;alto
1289;Carlos Reyes;29;Otro;Engativá;ALTO
1290;NUBIA CARRILLO;51;Femenino;KENNEDY;medio
1291;Luz López;38;Masculino;Suba;medio
1292;Julián Cruz;49;Masculino;Suba;medio
1293;  Paola  Zuluaga  ;57;Masculino;Engativá ;medio
1294;Mayra Rodríguez;36;Otro;kennedy;BAJO
1295;Aníbal Ramírez;25;Femenino;Usaquén ;MEDIO
1296;  Eduardo  Hernández  ;45;Masculino;subaa;alto
1297;  Jesús  Pérez  ;66;Otro;Usaquén ;medio
1298;Milton Castro;54;Otro;ENGATIVA;Alto
1299;  Jesús  Vargas  ;48;No binario;usaquen;BAJO
1300;Alicia Rentería;27;Otro;Usaquén ;Bajooo
1301;Claudia Medina;;Masculino;engativa;Alto
1302;Viviana Bermúdez;;Femenino;usaquen;bajoooo
1303;Cristina Hoyos;53;Femenino;Kennedyy;BAJO
1304;Diego Rodríguez;48;No binario;Usaquén;Bajooo
1305;Virginia Hernández;35;No binario;Usaquén;BAJO
1306;Lorena Duarte;48;Masculino;Engativá ;Alto
1307;María Vélez;46;Otro;USAQUEN;Alto
1308;VÍCTOR OJEDA;63;Otro;subaa;bajo
1309;Rubiela Hernández;39;Otro;Chapinero;alto
1310;Patricia Flórez;21;Masculino; Suba;Medioo
1311;MiguelLópez;69;No binario;Usaquén ;ALTO
1312;EUGENIA RANGEL;25;Masculino;subaa;bajo
1313;Marcela Perdomo;35;Femenino;Engativá;Medioo
1314;Alfonso Hernández;70;Masculino;USAQUEN;
1315;OsvaldoSánchez;45;Femenino;Usaquén ;alto
1316;Andrés Rodríguez;40;Femenino;Kennedy;Alto
1317;Jesús Mendoza;20;Otro;Usaquén ;bajo
1318;Daniel Méndez;35;Femenino;Chapinero;medio
1319;Lucía Peña;;Femenino;subaa;bajo
1320;Eduardo Estrada;23;Masculino;chapinero;medio
1321;Andrea López;44;Masculino;engativa;MEDIO
1322;Alfonso Fernández;;No binario;Suba;BAJO
1323;Kelly Corredor;37;Masculino;ENGATIVA;Bajo
1324;Eugenia Hernández;38;Femenino;Chapinero;Alto
1325;Yaneth García;56;Otro;Engativá ;Bajooo
1326;Luis Carvajal;65;Femenino;Suba;Bajo
1327;Alberto Patiño;71;Otro;;
1328;Eduardo Miranda;27;Masculino;Kennedyy;Alto
1329;AlexanderSuárez;23;Masculino;SUBA;Bajooo
1330;José Palacios;56;Masculino;SUBA;BAJO
1331;César Jiménez;57;Masculino;KENNEDY;bajo
1332;Luz Burbano;60;Masculino;USAQUEN;Medio
1333;Wilmar Zapata;37;No binario; Suba;BAJO
1334;martha sierra;60;Masculino;ENGATIVA;Altoo
1335;  Juan  Contreras  ;20;Femenino;Usaquén ;
1336;Brandon Ospino;73;No binario;chapinero;BAJO
1337;oswaldo hernández;67;Otro;CHAPINEROOO;Altoo
1338;Humberto Jaramillo;24;Otro;usaquen;bajoooo
1339;DoraCarrillo;24;No binario;Suba;BAJO
1340;Cristian Pedraza;53;Masculino; Suba;MEDIO
1341;Ángel Rodríguez;19;Otro;Kennedy;MEDIO
1342;Patricia Muñoz;32;Femenino;Suba;alto
1343;María Martínez;66;No binario;usaquen;Bajooo
1344;Fabián Mora;75;Otro;USAQUEN;
1345;Antonio Sierra;64;Masculino;Engativá ;medio
1346;Marleny Narváez;33;Femenino;ENGATIVA;bajo
1347;ANA MONTOYA;35;No binario;KENNEDY;Alto
1348;david castro;38;;USAQUEN;Altoo
1349;Natalia Molina;37;No binario;Usaquén ;Bajo
1350;Adriana Montes;47;Femenino;SUBA;bajo
1351;ANDRÉS GIRALDO;56;Femenino;SUBA;Bajooo
1352;Fernando Palacio;35;Otro; Suba;alto
1353;Manuel Martínez;24;No binario;SUBA;Bajooo
1354;jhon ariza;63;No binario;ENGATIVA;Medio
1355;Edgar Martínez;54;Femenino;Kennedyy;Bajooo
1356;AndreaMejía;46;Masculino;Engativá ;Bajo
1357;  Marlene  León  ;39;No binario;subaa;BAJO
1358;Natalia Villamizar;33;Masculino;usaquen;Alto
1359;Jairo González;38;Otro;CHAPINEROOO;Medio
1360;Camilo Narváez;71;Otro;Suba;Medio
1361;Claudia Cantillo;29;Femenino;SUBA;Altoo
1362;José Páez;28;Masculino;USAQUEN;ALTO
1363;Óscar Pérez;29;Masculino;Engativá;alto
1364;Carmen Ocampo;52;Femenino;Suba;ALTO
1365;Alba Rivas;54;Otro;subaa;bajo
1366;Ángel Gómez;49;Femenino;CHAPINERO;Altoo
1367;MarioOrtiz;19;No binario;Engativá ;Medioo
1368;  Patricia  Amaya  ;43;No binario;engativa;BAJO
1369;Carlos García;33;Otro;Kennedy;ALTO
1370;Yasmín Mosquera;68;No binario;Suba;Medioo
1371;Adiela Ospina;53;Femenino;KENNEDY;medio
1372;Aura Muñoz;28;;Usaquén;medio
1373;sandra córdoba;22;Otro;Chapinero;medio
1374;Daniel Torres;43;No binario;USAQUEN;Medioo
1375;José Gómez;67;Otro;Kennedyy;Altoo
1376;nelson vargas;57;No binario;chapinero;Medioo
1377;Gilma Flórez;19;No binario;Usaquén ;Bajooo
1378;Milena Granados;44;No binario;Usaquén ;BAJO
1379;Esteban Cortés;49;Otro;CHAPINERO;alto
1380;Arley Mena;51;Masculino;Usaquén;Medio
1381;Mireya Ruiz;18;Otro;;Medioo
1382;MARTA PINZÓN;58;Femenino;engativa;alto
1383;Luisa García;75;Femenino;subaa;Bajo
1384;Alicia Sierra;25;Otro;Suba;Alto
1385;  Roberto  Díaz  ;30;Otro;kennedy;Altoo
1386;ricardo bejarano;39;Femenino;SUBA;Bajooo
1387;ESTIVEN GARCÍA;48;Masculino;Engativá;bajoooo
1388;Antonia Gutiérrez;51;Femenino;Kennedy;bajo
1389;Santiago Valencia;42;Masculino;Usaquén ;Medioo
1390;Luis Rodríguez;36;Masculino;Usaquén;Medio
1391;Alejandra Londoño;52;Otro;kennedy;
1392;Angie Trujillo;52;No binario; Suba;MEDIO
1393;Jimena Vega;24;Femenino;Usaquén ;bajo
1394;Maricela Perdomo;20;Femenino;Suba;Bajo
1395;Elena Galeano;39;No binario;engativa;Bajooo
1396;rafael vargas;60;No binario;USAQUEN;alto
1397;María Peña;44;No binario;chapinero;medio
1398;CristinaRomero;20;No binario;CHAPINERO;Medio
1399;Pedro Monsalve;29;Femenino;usaquen;ALTO
1400;Jhoan Rodríguez;36;Otro;Suba;bajo
1401;Alexander Miranda;26;Masculino;Suba;Bajo
1402;  Miguel  López  ;69;No binario;subaa;medio
1403;AndrésMoreno;67;Femenino;Usaquén;Alto
1404;Amelia Martínez;40;Masculino;Kennedy;MEDIO
1405;  Paulo  Amaya  ;60;Masculino;Engativá;Medioo
1406;Andrea Cáceres;38;Masculino;kennedy;
1407;Yesid Guzmán;20;Masculino;Chapinero;Medioo
1408;Diego Arias;72;Masculino;Engativá;
1409;Aldemar García;42;No binario;CHAPINERO;Medioo
1410;Diana Hernández;48;Femenino;engativa;BAJO
1411;  Leonardo  García  ;34;Otro;Engativá ;Alto
1412;Carlos Mejía;72;No binario;engativa;Bajooo
1413;Smith Moreno;46;No binario;Usaquén ;Alto
1414;Beatriz Álvarez;30;Otro;kennedy;Altoo
1415;Francisco Bermúdez;27;No binario;Kennedyy;bajo
1416;Felipe Ruiz;42;No binario;subaa;
1417;Luisa García;65;Femenino;KENNEDY;bajo
1418;Alejandra Patiño;65;No binario;Kennedyy;alto
1419;Juan Sánchez;23;;Usaquén;Medio
1420;Claudia Correa;27;Otro;engativa;bajoooo
1421;Silvia Lozano;63;Otro;kennedy;Alto
1422;octavio rojas;44;No binario;usaquen;bajo
1423;Natalia Ortiz;46;Masculino;ENGATIVA;medio
1424;PaolaSánchez;70;No binario;CHAPINEROOO;Bajo
1425;Eduardo Niño;74;Masculino;Engativá;Medioo
1426;Jhon Gómez;68;Femenino;Usaquén ;Altoo
1427;FREDY VALENCIA;69;No binario;engativa;bajo
1428;Andrea Vargas;19;Femenino;CHAPINERO;BAJO
1429;Maritza Molina;65;No binario;Usaquén ;Alto
1430;Javier Muñoz;;Otro;SUBA;Bajo
1431;Nel Gómez;41;No binario;Usaquén ;bajoooo
1432;Karina Cárdenas;35;No binario;Engativá;bajoooo
1433;César Vargas;;Masculino;CHAPINEROOO;Alto
1434;Lucero Arenas;22;;;Medioo
1435;Isabel Rodríguez;47;Otro;Suba;Bajo
1436;  Álvaro  Riascos  ;23;Masculino;;bajo
1437;Carmen Bravo;58;No binario;SUBA;Alto
1438;Alicia Méndez;73;Femenino;Engativá;bajo
1439;Jorge Murillo;30;Masculino;Usaquén ;bajo
1440;Beatriz Guerra;56;Otro;usaquen;ALTO
1441;MaríaMartínez;61;Femenino;Engativá;ALTO
1442;Roberto Marín;61;No binario;;Medio
1443;Carmen Espitia;62;Masculino;Usaquén ;ALTO
1444;Álvaro Quintero;49;Femenino;CHAPINEROOO;bajoooo
1445;María Cruz;68;No binario;subaa;Alto
1446;Claudia Córdoba;73;Otro;Kennedy;Bajo
1447;Armando Medina;27;Femenino;Chapinero;Alto
1448;  María  Carrillo  ;28;Otro;SUBA;medio
1449;Carolina Rojas;60;Masculino;Usaquén ;Medioo
1450;Liliana Castro;69;No binario;;Alto
1451;Brayan Gómez;57;Femenino;Usaquén ;Altoo
1452;david vargas;48;No binario;CHAPINERO;bajoooo
1453;Elizabeth Peña;58;No binario;kennedy;Altoo
1454;  Luis  Martínez  ;38;Femenino;Kennedyy;bajo
1455;Blanca Hernández;;Masculino;Kennedy;Medio
1456;Alejandra Loaiza;64;No binario;chapinero;BAJO
1457;Andrés Barrera;48;Masculino;Kennedyy;Alto
1458;Francisco Rosero;38;Femenino;chapinero;Medioo
1459;Farid Ocampo;74;Otro;ENGATIVA;Bajo
1460;Clara Vásquez;19;No binario;subaa;Alto
1461;Marly Barreto;46;Masculino;subaa;ALTO
1462;José Giraldo;38;Masculino;Usaquén ;bajoooo
1463;Gloria Ruiz;19;Otro;Usaquén ;Altoo
1464;Marina Triana;54;;Kennedy;Medio
1465;jaime martínez;63;Otro;Usaquén ;bajoooo
1466;Argemiro Contreras;51;No binario;kennedy;bajo
1467;sebastián anaya;34;Masculino;kennedy;
1468;Dairo López;20;Femenino;Kennedy;bajoooo
1469;Alexander Ortiz;50;No binario;;Bajooo
1470;VíctorAlarcón;31;No binario;;Medioo
1471;Luz Orjuela;43;Masculino;Kennedyy;MEDIO
1472;Marina Sanabria;66;Otro;usaquen;alto
1473;OrlandoMosquera;59;No binario;Suba;Altoo
1474;Pedro Meza;66;Otro;chapinero;BAJO
1475;GLORIA VEGA;54;Otro;Chapinero;bajo
1476;Mario Benavides;64;Otro;ENGATIVA;Alto
1477;Arley Gómez;68;Femenino;Suba;Bajo
1478;Diego Erazo;18;No binario;CHAPINEROOO;bajoooo
1479;  Luis  Londoño  ;74;Otro;Chapinero;Bajo
1480;Liliana Ojeda;74;Femenino;Chapinero;medio
1481;alonso rincón;47;Otro;KENNEDY;ALTO
1482;Natalia Rincón;42;;subaa;Bajo
1483;AndreaMoreno;67;Otro;chapinero;Bajo
1484;Marina Silva;62;Masculino;Usaquén;Bajooo
1485;María Prada;63;Masculino;Engativá;medio
1486;Alejandra Hernández;75;Femenino;engativa;Medioo
1487;Óscar Prada;36;No binario;Engativá ;Bajooo
1488;Santiago Valencia;40;No binario;CHAPINEROOO;bajoooo
1489;María Fernández;56;Femenino;KENNEDY;Altoo
1490;Wilmer Guevara;44;Masculino;KENNEDY;
1491;Edgar Estrada;32;Otro;Usaquén ;Altoo
1492;Ever Arias;70;Otro;Suba;alto
1493;Libardo Medina;30;Masculino;Engativá;BAJO
1494;Diana Suárez;52;Femenino;;Medio
1495;Marcela Sánchez;22;Masculino;engativa;Bajo
1496;Efrain Mercado;31;No binario;KENNEDY;medio
1497;Ever Bernal;34;No binario;Suba;Medioo
1498;Carolina Tamayo;49;No binario;SUBA;Medio
1499;Jhon Oviedo;64;Masculino;Usaquén ;medio
1500;Fabián Torres;72;No binario;Kennedy;alto
1501;Juan Díaz;50;Otro;ENGATIVA;MEDIO
1502;VivianaPacheco;62;Femenino;USAQUEN;Bajo
1503;Carmen Padilla;27;Masculino;SUBA;Bajooo
1504;Efrain Núñez;67;Otro;Usaquén ;Medioo
1505;Socorro Portilla;62;Masculino;Kennedy;Medioo
1506;Tulio Gómez;62;Otro;Suba;Bajo
1507;Alberto Cáceres;22;Otro; Suba;Alto
1508;  Fidel  Torres  ;60;Otro;SUBA;Altoo
1509;Carlos Cuesta;20;Femenino;ENGATIVA;
1510;Isabel Sarmiento;60;Masculino;Kennedy;bajo
1511;Leidy Riascos;48;Femenino;ENGATIVA;alto
1512;Claudia Rivas;26;Femenino;Engativá;Medio
1513;Andrea Blanco;71;Femenino;Engativá ;Bajooo
1514;Fernando Murcia;30;Otro;Kennedyy;bajo
1515;liseth ortiz;68;No binario;CHAPINEROOO;MEDIO
1516;Tatiana Martínez;19;Masculino;Kennedy;Bajo
1517;Rocío González;69;Otro;kennedy;BAJO
1518;María Flórez;66;Femenino;Engativá;bajoooo
1519;Felipe Tamayo;58;Otro;Kennedyy;bajoooo
1520;Hugo Rincón;30;Otro;Usaquén ;Bajooo
1521;Lizeth Vásquez;30;Femenino;USAQUEN;alto
1522;Diana Acosta;69;Femenino;USAQUEN;bajo
1523;Wilson Bernal;74;No binario;ENGATIVA;BAJO
1524;Eduardo Pérez;34;Otro;ENGATIVA;Bajooo
1525;;34;No binario;kennedy;BAJO
1526;Patricia Meza;45;No binario;SUBA;bajoooo
1527;  Elizabeth  Ruiz  ;69;Masculino;usaquen;MEDIO
1528;Rodolfo García;61;Masculino;KENNEDY;Medio
1529;Carolina Rivera;45;Femenino;KENNEDY;MEDIO
1530;Miguel Vásquez;;Femenino;ENGATIVA;Medioo
1531;;54;Otro;Suba;Bajooo
1532;Ernesto López;29;Otro;CHAPINERO;Bajooo
1533;Juan Ávila;31;Masculino;subaa;ALTO
1534;Rita Gómez;19;Otro;SUBA;MEDIO
1535;JamesPérez;42;Femenino;Engativá;ALTO
1536;  Alexis  Sánchez  ;31;No binario;USAQUEN;Bajooo
1537;Diana Rojas;;Femenino;Engativá;Altoo
1538;Liliana Benavides;19;No binario;Engativá;bajoooo
1539;Daniel Ariza;48;Femenino; Suba;Altoo
1540;MónicaCastro;21;Masculino;CHAPINEROOO;ALTO
1541;Leidy Martínez;34;Otro;Engativá ;Alto
1542;Carlos Villa;32;Masculino;CHAPINEROOO;medio
1543;Lucía Mosquera;69;Masculino;Suba;Altoo
1544;yadira jiménez;66;Femenino;CHAPINEROOO;Bajo
1545;  Alexander  Carvajal  ;70;;Usaquén;Alto
1546;  Alejandra  Rodríguez  ;73;Otro;usaquen;medio
1547;carolina jiménez;58;Masculino;ENGATIVA;BAJO
1548;Ana Benítez;43;No binario;subaa;MEDIO
1549;Natalia Medina;65;Otro;Engativá ;medio
1550;JazmínDurán;41;Masculino;Engativá ;BAJO
1551;Andrea Ríos;19;Femenino;KENNEDY;ALTO
1552;Rosa Rivas;27;;subaa;Bajooo
1553;Eliana Marín;47;Masculino;Kennedy;Medio
1554;LINA RESTREPO;42;No binario;USAQUEN;MEDIO
1555;LorenaOrtiz;72;Otro;USAQUEN;Alto
1556;;65;Otro; Suba;MEDIO
1557;Luz Espinosa;57;Otro;Usaquén;Medioo
1558;Enrique García;66;Masculino;Kennedy;Bajooo
1559;Nubia Ríos;58;Femenino;chapinero;Bajooo
1560;Yair Fernández;18;Femenino;chapinero;Alto
1561;Luis Sepúlveda;31;;Usaquén;medio
1562;Leonardo Guerrero;28;No binario;subaa;bajoooo
1563;Andrés Gaviria;34;Otro;Usaquén ;alto
1564;Cielo Rangel;35;Femenino;Chapinero;BAJO
1565;Irene García;64;Masculino;USAQUEN;BAJO
1566;roberto forero;68;Femenino;Kennedy;ALTO
1567;José Galeano;44;Otro;CHAPINEROOO;alto
1568;Francisco Buitrago;45;No binario;SUBA;bajoooo
1569;antonio gonzález;74;No binario;ENGATIVA;bajo
1570;Rafael Pérez;28;No binario;Suba;Altoo
1571;  Erick  Cardozo  ;75;Femenino;Chapinero;Bajo
1572;Mario Hernández;61;Otro;Engativá;BAJO
1573;DeisyOjeda;20;Femenino;ENGATIVA;medio
1574;Nohora Bolívar;51;Otro;subaa;BAJO
1575;Antonio Palacio;49;Otro;Usaquén ;ALTO
1576;Rocío Vallejo;37;No binario;CHAPINERO;BAJO
1577;Néstor Martínez;63;Masculino;Suba;medio
1578;Yulieth Medina;39;Femenino;Engativá ;alto
1579;Teresa Castro;37;Femenino;Usaquén;Bajooo
1580;DOLORES ARBOLEDA;72;No binario;SUBA;Bajooo
1581;Fabián Trujillo;70;No binario;KENNEDY;Alto
1582;;34;No binario;Usaquén ;Alto
1583;José Guerrero;30;No binario;Chapinero;ALTO
1584;Fabiola Sánchez;24;Femenino;Usaquén ;ALTO
1585;Juan Uribe;51;Femenino;Usaquén;ALTO
1586;Gilberto Velandia;47;Otro;;Altoo
1587;Luis López;47;Femenino;KENNEDY;BAJO
1588;Alexandra Lozano;32;Otro;Chapinero;Bajo
1589;Nubia Peña;18;Masculino;usaquen;MEDIO
1590;JennyReyes;64;Otro;Usaquén;Medioo
1591;Alberto Gómez;25;No binario;Usaquén ;alto
1592;Esperanza Sánchez;59;No binario;;ALTO
1593;  Alberto  Aguirre  ;34;No binario;CHAPINEROOO;Altoo
1594;María Naranjo;53;Masculino;Suba;Bajo
1595;VANESSA MORENO;66;Femenino;subaa;MEDIO
1596;Mauricio Cáceres;25;Otro;engativa;bajoooo
1597;Yesid Rodríguez;34;Masculino;CHAPINEROOO;Alto
1598;Víctor Suárez;66;Masculino;ENGATIVA;Bajooo
1599;Blanca Rincón;31;No binario;Engativá;ALTO
1600;Jhon López;49;No binario;engativa;Bajo
1601;  Gabriel  Hernández  ;19;Otro;Engativá ;Bajo
1602;Roger Marín;71;Masculino;SUBA;MEDIO
1603;Augusto Ortiz;20;Otro;kennedy;BAJO
1604;elvira jaimes;60;Femenino;ENGATIVA;BAJO
1605;Liliana Rojas;51;No binario;USAQUEN;Bajo
1606;Augusto Mena;73;Masculino;Suba;Altoo
1607;Rafael Gaviria;31;Masculino;usaquen;Altoo
1608;Armando Molina;69;Otro;USAQUEN;Bajooo
1609;CeciliaÁlvarez;44;Otro;Usaquén;Medio
1610;José Hernández;48;Otro;Suba;Medioo
1611;Hernando Cuéllar;39;Masculino;Chapinero;ALTO
1612;  María  Ramírez  ;73;Femenino;Chapinero;BAJO
1613;Hernán Perea;49;Masculino;Kennedyy;bajo
1614;Tatiana Cruz;55;Otro;Kennedyy;Medio
1615;Gerardo Rueda;18;No binario;usaquen;Medioo
1616;Esperanza Bravo;60;Masculino;CHAPINERO;ALTO
1617;José Acevedo;35;Masculino;Suba;Bajo
1618;Paola Gómez;27;Masculino;Usaquén ;Bajooo
1619;Alicia Hurtado;30;Femenino;engativa;alto
1620;Gloria Polo;35;Otro;;Bajo
1621;Juan Romero;51;No binario;USAQUEN;BAJO
1622;Claudia Lara;66;No binario;CHAPINERO;ALTO
1623;César Barrios;35;Femenino;Kennedy;
1624;Amparo Giraldo;53;Femenino;engativa;ALTO
1625;Cecilia Córdoba;37;Masculino;Suba;BAJO
1626;Cristhian Zuluaga;53;Femenino; Suba;
1627;Jorge Buitrago;53;Otro;;Medio
1628;Alba Peña;62;Femenino;Kennedyy;bajoooo
1629;María Patiño;33;Otro;CHAPINERO;medio
1630;Sebastián Rodríguez;;Femenino;Usaquén;Bajooo
1631;Emilio Jaimes;53;Femenino;chapinero;Medio
1632;AlbertoRodríguez;25;No binario;Engativá;bajo
1633;JOHANA CIFUENTES;56;Femenino;usaquen;alto
1634;Viviana Parada;49;Femenino;Usaquén ;MEDIO
1635;Jorge Salazar;45;Otro;kennedy;Bajo
1636;Leonor Romero;60;Femenino;CHAPINERO;ALTO
1637;Johana Correa;36;No binario;Kennedy;ALTO
1638;Javier Bravo;74;No binario;Engativá;Alto
1639;CatalinaLópez;52;No binario;CHAPINEROOO;Alto
1640;José Durán;28;Otro;CHAPINEROOO;Medioo
1641;Santiago Arias;45;No binario;usaquen;ALTO
1642;Jorge León;36;No binario;KENNEDY;ALTO
1643;STELLA GONZÁLEZ;52;Masculino;ENGATIVA;Medioo
1644;Patricia Ojeda;29;Femenino;CHAPINERO;MEDIO
1645;Jorge Prieto;52;Otro;Engativá;bajoooo
1646;Beatriz Amaya;49;Femenino;CHAPINERO;Medio
1647;Stiven Jiménez;64;Masculino;Usaquén ;alto
1648;Milena Cabrera;;Masculino;Chapinero;ALTO
1649;Raúl Cifuentes;69;Masculino;chapinero;Altoo
1650;Francisco Carvajal;41;Masculino;engativa;alto
1651;Alexander Duarte;66;Femenino;Kennedy;Medioo
1652;Óscar Hoyos;67;Femenino;USAQUEN;Altoo
1653;Leider Muñoz;45;Masculino;Chapinero;bajo
1654;Yuliana Giraldo;64;Femenino;KENNEDY;Bajooo
1655;María Toro;38;Masculino;CHAPINEROOO;Bajooo
1656;Carlos Díaz;48;Femenino;Kennedyy;MEDIO
1657;Daniel Torres;67;Femenino;Usaquén;Bajo
1658;Andrés Serna;51;Masculino;usaquen;alto
1659;Eliecer Sandoval;33;No binario;chapinero;Medio
1660;José Meza;27;Otro; Suba;alto
1661;Héctor Pardo;19;No binario;Kennedy;ALTO
1662;Rosa López;67;No binario;ENGATIVA;alto
1663;Carmen Muñoz;66;Masculino;CHAPINERO;bajoooo
1664;Mario Castellanos;73;Masculino;SUBA;Bajooo
1665;Rosa Duarte;70;Masculino;Suba;MEDIO
1666;Mary López;35;Femenino;Usaquén;bajoooo
1667;Maritza Sarmiento;72;Femenino;chapinero;bajoooo
1668;Viviana Mesa;74;No binario;Kennedy;Medio
1669;Vanessa Muñoz;64;Masculino;Kennedyy;bajo
1670;Elizabeth Melo;31;Otro;Usaquén;Bajo
1671;Nelcy Gaviria;57;No binario;Usaquén ;Medio
1672;Juan Barbosa;53;Masculino;;Bajo
1673;PatriciaCampo;67;Femenino; Suba;bajo
1674;José Gaviria;49;Otro;Kennedyy;ALTO
1675;Nidia Jiménez;61;Otro;engativa;Bajo
1676;Luz Márquez;73;Otro;USAQUEN;Bajooo
1677;Marcela Ramírez;;No binario;CHAPINEROOO;Medioo
1678;maribel jaramillo;35;No binario;usaquen;ALTO
1679;Eliecer Cruz;52;Masculino;Chapinero;bajoooo
1680;Valentina Becerra;68;Masculino;Kennedy;Bajo
1681;Jaime Reyes;21;Femenino;ENGATIVA;Medio
1682;Fernando Díaz;61;Otro;chapinero;Alto
1683;Fernando Rodríguez;21;Femenino;Suba;medio
1684;Esperanza Ochoa;57;Otro;Usaquén;BAJO
1685;ClaudiaCabrera;46;Otro;SUBA;MEDIO
1686;Josefa Cabrera;31;Otro;Suba;alto
1687;Andrea Ávila;;Otro;KENNEDY;Altoo
1688;Fernando Castillo;63;Otro;CHAPINEROOO;Medioo
1689;Tulio Flórez;67;No binario;USAQUEN;alto
1690;María Ramírez;61;No binario; Suba;MEDIO
1691;Alicia Rodríguez;54;Otro;USAQUEN;
1692;Paula Roa;72;Femenino;Suba;Altoo
1693;Liliana Buitrago;67;No binario;Usaquén;ALTO
1694;Antonio Vargas;58;No binario;Chapinero;Alto
1695;Jhon Herrera;64;Femenino;Kennedyy;alto
1696;Carmen Flórez;75;Masculino;USAQUEN;bajoooo
1697;Juan Pérez;27;No binario;kennedy;Altoo
1698;Augusto Jiménez;61;Otro;kennedy;Bajooo
1699;Nancy Padilla;31;;Engativá ;alto
1700;Juan Quintero;38;Masculino;chapinero;Bajooo
1701;Sergio Barragán;37;Otro;Usaquén;Alto
1702;Nubia Galeano;;No binario;ENGATIVA;Bajo
1703;Clara Díaz;30;Femenino;Usaquén ;Bajo
1704;MARLON PRADA;57;Masculino;Kennedyy;ALTO
1705;Lilia Torres;73;Femenino;subaa;alto
1706;Miguel Hernández;35;No binario;Kennedyy;Alto
1707;Felipe Fernández;64;No binario;Kennedyy;Bajo
1708;CLAUDIA MORALES;64;No binario;Usaquén;Medioo
1709;Jesús Gómez;34;;kennedy;bajo
1710;Germán Muñoz;26;Otro;CHAPINEROOO;Bajooo
1711;Andrés Martínez;18;Femenino;Engativá;Bajo
1712;Johnny Durán;70;Otro;SUBA;bajoooo
1713;  Jesús  Rodríguez  ;75;Otro;KENNEDY;Alto
1714;Eduardo Guerrero;43;Masculino;Suba;BAJO
1715;Mery Vásquez;34;No binario;Suba;medio
1716;Emilia Sánchez;29;Femenino;SUBA;Medioo
1717;  Jhon  Méndez  ;34;No binario;kennedy;medio
1718;Karen Durán;66;Femenino;kennedy;Medio
1719;  Alexander  Ortiz  ;38;Otro;subaa;Bajo
1720;Alberto Hernández;58;Masculino;Usaquén;medio
1721;Álvaro López;27;Masculino;Chapinero;Alto
1722;Óscar González;58;Femenino;ENGATIVA;alto
1723;Martha López;46;Otro;Kennedy;MEDIO
1724;Alejandra Ramírez;54;No binario;Kennedyy;MEDIO
1725;Lina Guzmán;45;Otro;Chapinero;Alto
1726;AlejandraNarváez;20;Femenino;kennedy;ALTO
1727;Elizabeth Gómez;36;Otro;Usaquén ;Medioo
1728;Yurani Rojas;36;No binario;Usaquén;medio
1729;Milton Valencia;52;No binario;kennedy;alto
1730;María Sandoval;42;Masculino;subaa;MEDIO
1731;Eliecer Palacio;54;No binario;Kennedy;Alto
1732;Enrique Sánchez;65;;Usaquén ;Bajo
1733;  Andrea  Molina  ;33;Otro;engativa;Bajooo
1734;Daniel López;54;;CHAPINEROOO;MEDIO
1735;Rocío Moreno;35;No binario;ENGATIVA;bajoooo
1736;Campo Jiménez;33;Femenino;KENNEDY;Altoo
1737;Margoth López;30;Masculino;CHAPINEROOO;alto
1738;Carolina Gómez;39;No binario;Usaquén ;Medioo
1739;Nancy Meneses;62;Otro; Suba;ALTO
1740;Eugenia Daza;49;No binario;kennedy;Medioo
1741;Diana Uribe;70;Masculino;Kennedyy;alto
1742;Luz Melo;71;No binario;CHAPINEROOO;MEDIO
1743;Alexander Pérez;68;;chapinero;Medio
1744;Edith Mendoza;38;Femenino;engativa;bajo
1745;Antonio Monsalve;51;No binario;Usaquén ;Medioo
1746;Andrea Aguilar;59;Otro;Engativá;bajoooo
1747;Rosa Castillo;25;No binario;Kennedyy;Alto
1748;EmiroOrtiz;33;Otro;Kennedy;MEDIO
1749;Constanza Gaitán;21;No binario;subaa;BAJO
1750;  Francisco  Bernal  ;39;Otro;Usaquén ;Bajooo
1751;Orlando González;63;Otro;Kennedy;Medioo
1752;Jhon Martínez;45;Masculino;Chapinero;Bajo
1753;James Pérez;55;Femenino;CHAPINERO;Medio
1754;Marta Vega;18;No binario;chapinero;Bajooo
1755;  Francisco  Buitrago  ;37;No binario;Kennedyy;medio
1756;Rosa Rivera;32;No binario;USAQUEN;Alto
1757;clara gómez;65;Otro;Engativá;Altoo
1758;Manuel Velasco;24;Femenino;Kennedy;Alto
1759;Abel Hernández;57;No binario;Engativá;Bajooo
1760;  Marco  González  ;47;Femenino;ENGATIVA;Medio
1761;  Elsa  Gómez  ;40;Otro;engativa;BAJO
1762;Lina Álvarez;20;Masculino;subaa;alto
1763;Diego Buitrago;53;No binario;SUBA;medio
1764;  Sebastián  Escobar  ;64;Femenino;Chapinero;Alto
1765;Carlos Mantilla;31;Femenino;Engativá ;alto
1766;ENRIQUE QUINTERO;53;Femenino;Usaquén ;ALTO
1767;José Bermúdez;52;Otro;Suba;alto
1768;Diana Durán;28;Otro;Chapinero;BAJO
1769;Tatiana Herrera;49;Masculino;subaa;Medioo
1770;  Javier  Flórez  ;22;Otro;Kennedyy;MEDIO
1771;Pedro Velásquez;63;Otro;kennedy;MEDIO
1772;dagoberto martínez;66;Femenino;ENGATIVA;ALTO
1773;Jorge Sánchez;74;No binario;subaa;MEDIO
1774;Gustavo Melo;62;Otro;engativa;alto
1775;Gabriel García;66;Masculino;usaquen;bajo
1776;Nathalia Moreno;72;Otro;Engativá;Alto
1777;Marcos Martínez;73;Femenino;CHAPINEROOO;ALTO
1778;Inés Franco;23;No binario; Suba;Medioo
1779;Yamile Moreno;48;No binario;Suba;Bajo
1780;Irma Meneses;28;No binario;Kennedy;Medioo
1781;Yésica Zuluaga;42;Femenino;Usaquén;ALTO
1782;wendy gonzález;65;No binario;chapinero;ALTO
1783;DeicyArango;45;Femenino;CHAPINEROOO;alto
1784;Sandra Peña;66;Femenino;USAQUEN;
1785;Luis Rodríguez;39;Otro;Kennedy;Bajooo
1786;Andrea Agudelo;62;Otro;Engativá;ALTO
1787;David Suárez;60;Otro;KENNEDY;Bajo
1788;José Rojas;27;No binario;kennedy;bajoooo
1789;Enrique Quiroga;72;;Kennedy;
1790;Juliana Martínez;41;No binario;SUBA;Alto
1791;INÉS CÁRDENAS;23;Masculino;Kennedy;BAJO
1792;Luis Beltrán;38;Femenino;Chapinero;ALTO
1793;ElsyNavarro;19;No binario;KENNEDY;alto
1794;Alejandro González;57;No binario;engativa;Bajooo
1795;Rafael Torres;71;Otro;Chapinero;MEDIO
1796;flor salcedo;25;;;Altoo
1797;Octavio Jiménez;35;Masculino;Engativá ;MEDIO
1798;;64;No binario;KENNEDY;ALTO
1799;José Narváez;23;Masculino;Suba;medio
1800;Luz Pérez;70;Otro;usaquen;bajo
1801;  Isabel  Becerra  ;19;;engativa;MEDIO
1802;Óscar González;56;Masculino;kennedy;
1803;David Díaz;30;Femenino;subaa;Bajooo
1804;Ramiro Medina;40;Femenino;SUBA;
1805;Ester Ocampo;24;Otro;Chapinero;Altoo
1806;Óscar González;47;Otro;usaquen;MEDIO
1807;Fabiola Carmona;54;Otro;Usaquén ;ALTO
1808;Fredy Fernández;57;Masculino;USAQUEN;Medioo
1809;Ángel Cardona;56;No binario;Engativá;Medioo
1810;alexander arteaga;56;Otro;ENGATIVA;Alto
1811;Marcela Sierra;48;Femenino;CHAPINEROOO;Bajooo
1812;Andrés Martínez;60;Otro;Suba;medio
1813;FREDDY VILLA;34;No binario;Kennedy;
1814;Rita Palacios;52;Masculino;Usaquén;alto
1815;MarcoDíaz;58;Masculino;Kennedyy;Medioo
1816;Carlos Ariza;75;Masculino;subaa;ALTO
1817;Carmen Giraldo;36;Masculino;Engativá;Bajooo
1818;Alberto Nieto;66;Otro;CHAPINERO;medio
1819;José Flórez;52;Masculino;Usaquén;bajoooo
1820;TOMÁS CEBALLOS;71;Masculino;ENGATIVA;alto
1821;Cristian Castro;49;Otro;Kennedyy;MEDIO
1822;  Edilberto  Manrique  ;43;No binario;Usaquén;Medioo
1823;Nora Hernández;68;No binario;Engativá ;MEDIO
1824;  Jessica  Bermúdez  ;75;Femenino;ENGATIVA;Altoo
1825;César Jiménez;60;No binario;Usaquén;Bajooo
1826;Diego Estrada;42;Otro;Engativá ;
1827;Alejandro Rubio;18;Otro;Kennedy;bajoooo
1828;Fernando Ramírez;35;Femenino;;Altoo
1829;Antonio Gutiérrez;62;Masculino;Kennedy;Bajooo
1830;Johanna Sandoval;46;Masculino;Kennedyy;Medio
1831;Yeferson Bernal;55;Femenino;Kennedyy;Alto
1832;Richard Mora;24;No binario;Chapinero;bajo
1833;Jhon Ruiz;24;Masculino;engativa;BAJO
1834;Martha Romero;57;Otro;chapinero;BAJO
1835;Yeimy Jaramillo;22;No binario;Engativá;Alto
1836;Enrique Guerrero;52;Masculino;subaa;Alto
1837;CÉSAR SEPÚLVEDA;51;Masculino;Usaquén ;Bajooo
1838;Alexandra Sanabria;57;Femenino;KENNEDY;Medioo
1839;Mario Guzmán;54;Masculino;KENNEDY;bajoooo
1840;MaríaSánchez;26;Femenino;SUBA;bajo
1841;Enrique Ramírez;40;No binario;Usaquén;Medioo
1842;César Pérez;31;Femenino;Kennedy;Medioo
1843;Alexandra Vargas;49;;;Medioo
1844;pedro barrios;55;Masculino;ENGATIVA;alto
1845;Elizabeth Gallego;53;No binario;Usaquén;Bajooo
1846;MaríaAguilar;37;Otro;subaa;Bajo
1847;Sandra Salas;38;Femenino;Kennedyy;
1848;Jairo Leal;69;No binario;CHAPINEROOO;bajoooo
1849;JAIRO LONDOÑO;39;Otro;Usaquén;
1850;Leidy Páez;25;Otro;subaa;medio
1851;Orlando Gutiérrez;66;Masculino;Suba;BAJO
1852;ENRIQUE CARMONA;72;Otro; Suba;Bajo
1853;;52;; Suba;medio
1854;Yulieth Arteaga;73;Otro;Chapinero;BAJO
1855;Efrén Álvarez;34;No binario;Suba;Bajo
1856;Luis Rodríguez;74;Femenino;KENNEDY;Altoo
1857;Tatiana Beltrán;70;Otro; Suba;Alto
1858;Julio Polo;50;Otro;usaquen;alto
1859;Álvaro Vallejo;36;Otro;chapinero;Medio
1860;Diego Jaimes;63;Otro;Kennedyy;ALTO
1861;Alfonso Vásquez;70;No binario;ENGATIVA;bajo
1862;Alberto Guevara;28;Masculino;kennedy;alto
1863;OCTAVIO JIMÉNEZ;63;;Engativá;Bajooo
1864;Gloria Carrillo;63;Masculino;CHAPINERO;MEDIO
1865;liliana pérez;32;Femenino;Chapinero;ALTO
1866;José Rivera;63;No binario;USAQUEN;Medio
1867;Elisa Velásquez;34;Otro;Engativá ;MEDIO
1868;Carmen Orozco;22;Femenino;kennedy;alto
1869;Johana Valencia;60;Masculino;subaa;MEDIO
1870;Camilo Sánchez;69;No binario; Suba;Alto
1871;Lucía Ruiz;37;Otro;Kennedy;Medio
1872;Luz Montenegro;42;Masculino;Kennedyy;Bajooo
1873;  David  Durán  ;31;Femenino;CHAPINEROOO;bajo
1874;jackeline córdoba;59;No binario;CHAPINEROOO;Medioo
1875;  Clara  Páez  ;21;Femenino;Suba;Medio
1876;;74;; Suba;Bajooo
1877;YolandaTorres;;No binario;Suba;
1878;Rosa García;68;Masculino;CHAPINERO;BAJO
1879;José Guerrero;23;Masculino;usaquen;Altoo
1880;Andrés López;38;Otro;Suba;bajo
1881;Inés Rojas;66;Femenino;;BAJO
1882;Vanessa Mosquera;46;Otro;;Bajooo
1883;Marina Gallego;35;Masculino;ENGATIVA;BAJO
1884;Andrés Orjuela;75;Femenino;Chapinero;MEDIO
1885;Augusto Bejarano;55;No binario;Kennedyy;
1886;María Camacho;53;Femenino;KENNEDY;Bajooo
1887;Cindy Rentería;51;No binario; Suba;Medioo
1888;David Beltrán;59;Masculino;engativa;Bajooo
1889;Andrey Carrillo;47;Masculino;CHAPINERO;Medio
1890;Angélica Ceballos;40;Femenino;USAQUEN;MEDIO
1891;Danilo Flórez;54;Femenino;subaa;MEDIO
1892;Andrés Gutiérrez;47;Masculino;Kennedy;Bajooo
1893;Emilio Pinto;61;Femenino;Kennedyy;Bajooo
1894;Janeth Arenas;27;No binario;KENNEDY;Bajo
1895;Cindy Gómez;34;Otro;Kennedy;MEDIO
1896;Ernesto Ramírez;71;No binario;Kennedy;
1897;josé núñez;49;Masculino;Usaquén;Bajooo
1898;Claudia Arteaga;35;No binario;Kennedy;medio
1899;Andrés Rodríguez;57;Otro;;MEDIO
1900;Patricia Camacho;28;No binario;Kennedy;Medio
1901;Iván Leal;68;Masculino;Usaquén;MEDIO
1902;Estela López;25;Masculino;subaa;Medio
1903;Andrés Narváez;45;Masculino;CHAPINERO;Altoo
1904;Jeisson Guevara;20;;Engativá ;alto
1905;;34;Masculino;KENNEDY;MEDIO
1906;Jorge Ballesteros;59;No binario;kennedy;Bajooo
1907;Mauricio Sánchez;48;No binario;Engativá;Altoo
1908;Matilde Quintero;30;Masculino;Engativá;bajoooo
1909;Andrea Martínez;57;Femenino;USAQUEN;Altoo
1910;William Velásquez;66;Femenino;Kennedy;Bajo
1911;Carlos Torres;20;No binario;kennedy;ALTO
1912;Beatriz Giraldo;50;Otro;Usaquén ;Bajooo
1913;Fernando Mejía;72;Femenino;Usaquén ;medio
1914;María Sandoval;43;Otro;engativa;Alto
1915;  Andrés  Bedoya  ;56;;Usaquén ;medio
1916;David Tovar;;Masculino;Suba;Medio
1917;Juan Bermúdez;56;Masculino;USAQUEN;medio
1918;PATRICIA CHAPARRO;28;No binario;engativa;bajoooo
1919;Sandra Mesa;23;Masculino;Kennedy;bajoooo
1920;Karen García;21;;Usaquén;Medio
1921;Sebastián Mendoza;74;Otro;Kennedyy;medio
1922;Dary Durán;66;Femenino;subaa;Bajo
1923;Danna Lozano;41;Femenino;Engativá;Bajooo
1924;Marcela Giraldo;37;Masculino;KENNEDY;BAJO
1925;Orlando Vásquez;45;Otro;kennedy;Medioo
1926;Darwin Sánchez;39;Femenino;engativa;Altoo
1927;Javier Caro;27;No binario;Usaquén;medio
1928;William Padilla;43;Masculino;ENGATIVA;medio
1929;Alicia Quiroga;48;Femenino;chapinero;Medioo
1930;Luis Cortés;41;Masculino;;Bajooo
1931;Paola Rodríguez;18;Otro;Engativá;Bajooo
1932;juan montoya;36;Otro;Usaquén;alto
1933;Gonzalo Suárez;68;Otro;Engativá;
1934;César Rentería;75;Masculino;Chapinero;MEDIO
1935;Nubia Peña;18;Masculino;ENGATIVA;Altoo
1936;Jorge Molina;61;No binario;KENNEDY;MEDIO
1937;Cecilia Torres;23;No binario;ENGATIVA;bajo
1938;Hernán Ramírez;18;Femenino;engativa;Medio
1939;Rosa Vera;62;Masculino;Suba;bajoooo
1940;Hernando Melo;18;No binario;CHAPINEROOO;Altoo
1941;León Portilla;51;No binario;engativa;Bajooo
1942;esmeralda caicedo;52;Masculino;Usaquén ;medio
1943;Nancy Martínez;24;Masculino;Usaquén ;medio
1944;Diana Bonilla;31;No binario;Kennedy;Medioo
1945;  Yurany  Valencia  ;39;Otro;Suba;Alto
1946;Carmen Hoyos;21;Femenino;kennedy;bajo
1947;Diana Beltrán;23;No binario;chapinero;ALTO
1948;Raúl Ruiz;41;Femenino;Kennedy;ALTO
1949;;31;Otro;Kennedy;Alto
1950;Gina Garzón;26;Masculino;chapinero;Altoo
1951;Viviana Orozco;74;Otro;Chapinero;Bajo
1952;Carlos Morales;71;No binario;KENNEDY;MEDIO
1953;Valentina Osorio;59;Masculino;Engativá;Bajooo
1954;MaríaVargas;55;Femenino;Chapinero;ALTO
1955;Inés Mena;43;Masculino;chapinero;Bajooo
1956;Shirley Villa;53;No binario;ENGATIVA;Altoo
1957;MarcelaArdila;43;Masculino;ENGATIVA;Bajo
1958;Henry Restrepo;34;Masculino;Engativá ;bajo
1959;Clara Suárez;32;Otro;;Bajooo
1960;  Luis  Díaz  ;42;Masculino;Kennedy;Altoo
1961;alberto sepúlveda;39;Otro;Kennedy;MEDIO
1962;Humberto Hernández;52;Masculino;Engativá ;bajo
1963;Andrés Ortiz;60;No binario;chapinero;Altoo
1964;sergio garcía;36;Femenino;Usaquén;bajo
1965;Ana Rodríguez;70;;Engativá;bajoooo
1966;José Gómez;41;Otro;subaa;Bajooo
1967;Carlos Parra;39;No binario;usaquen;alto
1968;  Juan  Fajardo  ;45;No binario;usaquen;ALTO
1969;Luis Ríos;22;Otro;CHAPINEROOO;bajoooo
1970;Wilfrido Ortega;;Otro;Usaquén ;Bajooo
1971;Iván Morales;54;Otro;CHAPINEROOO;bajo
1972;;35;Otro;KENNEDY;BAJO
1973;inés perdomo;21;Otro;KENNEDY;Altoo
1974;Felipe Jiménez;37;Otro;Usaquén;Bajooo
1975;Antonia Palacios;61;Masculino;Suba;MEDIO
1976;Rosalba Sierra;25;No binario;kennedy;Alto
1977;Alexander Miranda;65;No binario; Suba;BAJO
1978;Mario Ávila;49;No binario;CHAPINEROOO;alto
1979;Claudia Molina;74;Femenino;subaa;Alto
1980;Liseth Díaz;30;Masculino;Usaquén;Bajo
1981;Efrain Navarro;27;Masculino;;bajoooo
1982;Willian Galvis;19;No binario;CHAPINEROOO;Medio
1983;Marlén Mosquera;30;Masculino;CHAPINERO;ALTO
1984;Marina Reyes;43;Masculino;CHAPINEROOO;bajo
1985;Luz Arias;63;No binario;Chapinero;Alto
1986;María Rojas;33;Otro;engativa;alto
1987;Nicolás Morales;27;No binario;Kennedyy;MEDIO
1988;  Yuly  Cárdenas  ;72;Femenino;CHAPINERO;Bajooo
1989;Luz Puentes;48;Masculino;subaa;Alto
1990;Camila Rueda;66;Femenino;chapinero;Medio
1991;;43;Femenino;kennedy;alto
1992;José Salcedo;49;No binario;usaquen;BAJO
1993;Fredy Ortiz;66;Femenino;chapinero;Alto
1994;  Luis  Pérez  ;19;Otro;Kennedy;alto
1995;Jesús Morales;60;Femenino;engativa;Bajooo
1996;Jesús Perea;39;Masculino;CHAPINERO;alto
1997;José Rivera;22;Masculino;usaquen;Altoo
1998;nicolás delgado;49;Femenino;USAQUEN;alto
1999;dayana salas;22;No binario;Usaquén;BAJO
2000;Derly Ramos;48;No binario;usaquen;Bajo
2001;Alberto Sierra;29;Masculino;Engativá ;BAJO
2002;Isabel Pérez;39;Otro;;Medio
2003;Ana Franco;55;No binario;CHAPINEROOO;Altoo
2004;;34;Femenino;Engativá;alto
2005;laura díaz;27;Femenino;Engativá ;Medioo
2006;Julieth Becerra;43;;SUBA;Alto
2007;Paola Moreno;69;Femenino;ENGATIVA;Bajo
2008;Edwin Pinzón;51;No binario;Engativá ;alto
2009;Yazmín Acosta;75;Otro;Kennedyy;Altoo
2010;Laura Pérez;50;Otro;Suba;Alto
2011;HERNÁN RODRÍGUEZ;67;No binario;USAQUEN;medio
2012;María Córdoba;;Femenino;kennedy;BAJO
2013;Cecilia Méndez;43;No binario;USAQUEN;Medio
2014;María Córdoba;45;Masculino;Usaquén ;Bajooo
2015;Luz Muñoz;30;;usaquen;Medioo
2016;Gloria Bustos;74;Otro;ENGATIVA;bajo
2017;Alberto Londoño;18;Otro; Suba;Bajooo
2018;María Pinzón;23;Otro;Kennedyy;Medioo
2019;Alexander Gutiérrez;36;No binario;Usaquén ;BAJO
2020;Andrea Cardona;22;Otro;ENGATIVA;Medioo
2021;Faber Gaviria;63;Otro;subaa;Medioo
2022;Carolina Serrano;51;Femenino;Usaquén;MEDIO
2023;Alberto Rosero;31;Otro;CHAPINEROOO;Bajo
2024;Leonardo Díaz;21;Masculino;Usaquén;BAJO
2025;Alexander Ortiz;58;No binario;SUBA;Alto
2026;daniel herrera;20;No binario;ENGATIVA;Alto
2027;Marlene Vega;19;Otro;Suba;medio
2028;Ángela Flórez;63;Femenino;Usaquén ;medio
2029;Sandra Ramírez;69;Femenino;usaquen;MEDIO
2030;Humberto Mora;42;Masculino;kennedy;Bajo
2031;Mireya Sánchez;71;Femenino;CHAPINERO;medio
2032;Diana Acosta;24;;subaa;Bajooo
2033;David Gómez;43;Masculino;Usaquén ;Alto
2034;Julián Mora;21;Masculino;SUBA;BAJO
2035;Paola Ramos;37;Otro;CHAPINERO;Altoo
2036;Carmen Agudelo;70;Otro;Usaquén ;Altoo
2037;Pablo Triana;28;Femenino;Kennedy;bajo
2038;;;Masculino;Chapinero;bajo
2039;Iván Bernal;64;No binario;engativa;Bajo
2040;José Arias;57;Otro;Usaquén;alto
2041;MARÍA CONTRERAS;29;Otro;CHAPINEROOO;bajo
2042;Ángela Arenas;20;Otro;KENNEDY;Altoo
2043;Dario Flórez;63;Femenino;Kennedy;bajoooo
2044;Juan Villamizar;71;No binario;Suba;medio
2045;Cristian Benavides;34;Femenino;Usaquén;alto
2046;Diana Hernández;27;No binario;Usaquén ;Medio
2047;Paulina Moreno;55;Otro;kennedy;BAJO
2048;Humberto Gutiérrez;33;Femenino;Engativá;Medio
2049;HENRY PARRA;51;Masculino;engativa;MEDIO
2050;Liliana Blanco;60;Masculino;Usaquén;medio
2051;FabiánEscobar;32;Otro;Kennedyy;ALTO
2052;Paola Rodríguez;75;No binario;CHAPINEROOO;medio
2053;Jesús Pacheco;53;Femenino;;Alto
2054;Valentina Morales;38;Otro;ENGATIVA;bajo
2055;Lucía Arango;;Femenino;USAQUEN;medio
2056;Johana Ordóñez;71;Otro;;Altoo
2057;Estela Morales;42;Otro;Usaquén ;alto
2058;Esperanza Duarte;29;Femenino;Kennedyy;Bajooo
2059;  Alfonso  Peña  ;48;Femenino;engativa;Bajo
2060;Julián Ramos;23;Femenino;;ALTO
2061;  Eliana  Cortés  ;22;No binario;Kennedy;bajoooo
2062;Johana Suárez;45;Femenino;CHAPINEROOO;ALTO
2063;Johanna Rueda;45;Otro;Kennedyy;alto
2064;Felipe Ordóñez;64;Masculino;KENNEDY;bajo
2065;  Alexander  Cano  ;23;Femenino;CHAPINEROOO;bajoooo
2066;Liseth Bermúdez;25;Femenino;kennedy;medio
2067;Cecilia Rojas;;Masculino;usaquen;Bajo
2068;Yenny Quintero;71;Masculino;ENGATIVA;MEDIO
2069;Luis Benavides;48;Otro;ENGATIVA;BAJO
2070;Camilo Pérez;65;No binario;chapinero;Alto
2071;octavio rodríguez;69;Masculino;Chapinero;Medio
2072;  Andrea  Sánchez  ;31;Masculino;SUBA;Medioo
2073;Robinson Mejía;48;No binario;Engativá ;Medioo
2074;Patricia Torres;24;Femenino;kennedy;
2075;Ana Gómez;65;Femenino;Usaquén;
2076;Kelly Bustamante;30;Femenino;Chapinero;Bajo
2077;  David  Guzmán  ;51;Masculino;kennedy;Bajooo
2078;Alejandro Hurtado;54;Masculino;ENGATIVA;Bajooo
2079;Giovanny Fonseca;33;Femenino;chapinero;MEDIO
2080;Jorge Mendoza;31;No binario;Engativá;alto
2081;Alejandra Hoyos;69;No binario;subaa;Bajooo
2082;Ricardo Gutiérrez;22;Femenino;CHAPINERO;Alto
2083;María Carvajal;32;Femenino;Kennedyy;Medio
2084;José Moreno;65;Masculino;SUBA;Medio
2085;Carolina Gómez;41;Femenino;;MEDIO
2086;Daniela Rodríguez;33;Femenino;subaa;Medio
2087;Cecilia Orjuela;55;Femenino;USAQUEN;medio
2088;Julio Romero;70;No binario;ENGATIVA;Altoo
2089;Dary Orozco;24;No binario;Kennedyy;Medioo
2090;  José  Daza  ;56;No binario;Chapinero;ALTO
2091;patricia lópez;19;No binario;Kennedyy;Medioo
2092;Amparo Salcedo;54;No binario;;
2093;Néstor Romero;49;Otro;KENNEDY;BAJO
2094;Franklin Castro;69;Otro;subaa;medio
2095;Alberto Ramírez;64;Masculino;USAQUEN;MEDIO
2096;Edinson Córdoba;;No binario;Usaquén ;Medio
2097;Beatriz Parra;26;Masculino;USAQUEN;Bajo
2098;;35;Otro;Suba;Bajo
2099;Sandra García;73;Masculino;USAQUEN;MEDIO
2100;Elizabeth Erazo;34;Masculino;Engativá ;bajo
2101;;46;Masculino;chapinero;bajoooo
2102;Ricardo Arteaga;55;Otro;Chapinero;bajoooo
2103;GERMÁN GUERRA;54;No binario;USAQUEN;Medioo
2104;Carlos Vélez;19;No binario;Usaquén;alto
2105;Junior Londoño;25;Otro;USAQUEN;BAJO
2106;Ángel Uribe;48;Otro;kennedy;Bajooo
2107;Arnulfo Cruz;20;Femenino;engativa;Bajooo
2108;miryam fernández;67;Femenino;Chapinero;bajo
2109;María González;68;;SUBA;BAJO
2110;Patricia Acevedo;56;No binario;Suba;bajo
2111;Norbey Buitrago;23;Otro;engativa;Alto
2112;Ángela Ruiz;18;No binario;CHAPINEROOO;Medio
2113;Edward Delgado;67;No binario;Engativá ;MEDIO
2114;María Roa;53;Otro;CHAPINEROOO;alto
2115;Esther López;63;Masculino; Suba;bajoooo
2116;Javier Pinto;21;Masculino;Kennedyy;medio
2117;Ana Montenegro;41;Otro;USAQUEN;MEDIO
2118;Irene Romero;71;No binario;KENNEDY;Altoo
2119;Kevin Ortiz;72;Femenino;CHAPINERO;MEDIO
2120;  Michael  Carrillo  ;44;Masculino;CHAPINERO;MEDIO
2121;Steven Sierra;20;Femenino;kennedy;Altoo
2122;Alejandra Galvis;36;No binario;Engativá;Medio
2123;Omar Rojas;60;Otro;SUBA;Altoo
2124;alejandra vargas;24;No binario;usaquen;medio
2125;David Sánchez;28;No binario;Engativá;bajo
2126;Sandra Villegas;54;No binario;Engativá ;bajoooo
2127;Javier Vergara;19;Masculino;Kennedyy;medio
2128;DavidCabrera;71;Otro;Engativá;Bajooo
2129;Andrés Gómez;59;Otro; Suba;BAJO
2130;Dahiana Beltrán;57;Otro;kennedy;bajoooo
2131;Emma Rengifo;63;Femenino;Suba;Bajo
2132;YESID SALAS;47;Masculino;USAQUEN;bajo
2133;Concepción Bustamante;23;Otro; Suba;BAJO
2134;Albeiro Castro;68;No binario;CHAPINEROOO;Bajooo
2135;inés escobar;31;Femenino;Usaquén ;MEDIO
2136;LUZ VERA;49;Masculino;Usaquén ;Bajo
2137;Ivonne Ríos;71;Femenino;subaa;Bajo
2138;josé medina;45;Femenino;engativa;alto
2139;Eduardo Pérez;66;Masculino;Usaquén ;alto
2140;Ismael Benavides;54;Masculino;;MEDIO
2141;Aurora Barrios;26;Otro;CHAPINERO;Bajo
2142;María Rojas;52;Masculino;Usaquén ;Alto
2143;Carlos Valencia;22;No binario;ENGATIVA;medio
2144;David Muñoz;56;Femenino;CHAPINERO;Bajo
2145;Luis Moreno;73;No binario;USAQUEN;bajo
2146;Jhoana Ávila;42;No binario;engativa;Medio
2147;Dora Sierra;61;Femenino;CHAPINERO;Alto
2148;Laura Bermúdez;44;No binario;Usaquén ;BAJO
2149;ALICIA MÁRQUEZ;34;No binario;Suba;ALTO
2150;Blanca Díaz;31;Otro;usaquen;bajoooo
2151;CarmenEscobar;52;;chapinero;
2152;Ángela López;72;Masculino;usaquen;medio
2153;Alba Moreno;38;Masculino;KENNEDY;Bajooo
2154;Yohana Flórez;60;Masculino;CHAPINEROOO;Altoo
2155;Milena Olaya;66;Otro;engativa;ALTO
2156;Milena Cifuentes;65;Femenino;Suba;bajo
2157;Gloria Sierra;53;Masculino;usaquen;Altoo
2158;Román Gaitán;55;Masculino;chapinero;medio
2159;José Camargo;64;No binario;SUBA;BAJO
2160;Julián Suárez;57;Otro;Engativá ;Alto
2161;Luis Jaramillo;68;Masculino;Engativá;Alto
2162;Fanny Barrios;20;Otro;Kennedy;
2163;LUZ AGUILAR;62;Otro;chapinero;bajoooo
2164;Irene Méndez;22;No binario;USAQUEN;alto
2165;norma quintero;47;;kennedy;ALTO
2166;Consuelo Londoño;44;Femenino;SUBA;Altoo
2167;León Muñoz;74;Femenino;Suba;Medioo
2168;  María  González  ;45;No binario;SUBA;
2169;Arturo Corredor;21;Femenino;Usaquén;Altoo
2170;Alejandra Escobar;64;Otro;kennedy;Bajo
2171;Jesús Pérez;21;Femenino;KENNEDY;Bajo
2172;Julio Mosquera;30;Masculino;CHAPINEROOO;Medio
2173;Javier Reyes;65;Masculino;SUBA;Medio
2174;Felipe Naranjo;63;No binario;SUBA;Alto
2175;Mery Gutiérrez;71;;CHAPINERO;Alto
2176;Fernando Sánchez;68;Femenino;Kennedy;Bajooo
2177;;31;Otro;Kennedy;alto
2178;Claudia Arévalo;70;No binario;ENGATIVA;bajo
2179;Gladys Barrera;38;Femenino;Engativá;Medioo
2180;Carlos Miranda;;Femenino;engativa;bajoooo
2181;Patricia Pérez;26;Masculino;kennedy;Medio
2182;Ángela Ruiz;66;No binario;kennedy;MEDIO
2183;margarita ortiz;21;Otro;usaquen;
2184;Jorge Ortiz;23;Masculino;SUBA;Medioo
2185;Hilda Alvarado;43;Femenino;Kennedy;Altoo
2186;Juliana Fernández;50;No binario;Usaquén;Medio
2187;Tulio Peña;35;Femenino;Chapinero;Alto
2188;Rosa Rodríguez;65;Masculino;Usaquén ;
2189;Miguel Durán;19;No binario;USAQUEN;Bajooo
2190;Walter Bermúdez;18;Masculino;Suba;Bajo
2191;Ana Pérez;42;Femenino;Kennedy;bajo
2192;Sandra Martínez;52;No binario;Kennedyy;Bajo
2193;Henry Caicedo;71;No binario;usaquen;Bajo
2194;María Medina;55;Femenino;Suba;ALTO
2195;Sebastián García;24;Masculino;Kennedyy;bajoooo
2196;Lina Sánchez;54;Otro;Chapinero;BAJO
2197;Jesús Rivas;31;Femenino;Engativá ;
2198;Natalia Vargas;34;Otro;Engativá ;ALTO
2199;AMPARO PINEDA;74;Masculino;kennedy;ALTO
2200;Marcela Velasco;50;Otro;Kennedy;Bajooo
2201;María Vergara;22;Otro;subaa;bajoooo
2202;  Humberto  Valencia  ;32;No binario;;Alto
2203;Delia Bastidas;26;Otro;Suba;Medio
2204;Andrés Ortiz;40;Otro;ENGATIVA;Bajo
2205;Hilda Tamayo;34;Masculino;Kennedy;MEDIO
2206;JHON DÍAZ;74;Femenino;Kennedy;alto
2207;Juan Barrera;59;Otro;;Bajooo
2208;Fernando Ospina;75;Otro;Usaquén;BAJO
2209;José Henao;44;Otro;Chapinero;Medio
2210;NataliaRomero;65;Femenino;USAQUEN;Alto
2211;Andrés Cifuentes;23;No binario;CHAPINEROOO;Altoo
2212;Vanesa Morales;60;No binario;Chapinero;Bajooo
2213;Beatriz Suárez;62;Femenino;usaquen;Medioo
2214;María Ayala;52;Otro;USAQUEN;Medio
2215;Edgar Herrera;41;;Suba;BAJO
2216;Yudy Rodríguez;27;Otro;chapinero;BAJO
2217;Elkin Erazo;53;Masculino;Usaquén ;Bajooo
2218;Paulina Rodríguez;28;Femenino;;ALTO
2219;Gabriela Jiménez;67;No binario;kennedy;MEDIO
2220;Ángela Rodríguez;45;Femenino;KENNEDY;MEDIO
2221;Katherine Peña;22;Otro;Engativá ;Bajooo
2222;Luis Medina;;Masculino;CHAPINEROOO;bajoooo
2223;Claudia Daza;69;Femenino;Suba;Bajo
2224;Ligia Rivera;18;Femenino;Suba;alto
2225;Lina Salazar;30;Femenino;subaa;Medioo
2226;Daniela Cabrera;23;Masculino;chapinero;medio
2227;Steven Arévalo;49;No binario;kennedy;Altoo
2228;Manuel Gutiérrez;74;Otro;Kennedyy;Bajo
2229;Mauricio Montes;36;No binario;Usaquén ;Bajo
2230;JESSICA MÁRQUEZ;39;Femenino;Chapinero;Alto
2231;Rosa Gutiérrez;51;No binario;subaa;Bajo
2232;Fernando Garzón;24;Masculino;SUBA;Alto
2233;Luisa Trujillo;66;No binario;SUBA;MEDIO
2234;Liliana Rodríguez;46;Masculino;Chapinero;BAJO
2235;Luz Lozano;41;No binario; Suba;Alto
2236;Rosa López;69;Femenino;CHAPINEROOO;Medio
2237;AlbaForero;56;No binario;subaa;alto
2238;Daniel Moreno;61;No binario;Suba;bajoooo
2239;Milena Rincón;23;Masculino;USAQUEN;Bajooo
2240;Flor Álvarez;;Masculino; Suba;Altoo
2241;Francisco Molano;62;Femenino;USAQUEN;BAJO
2242;Juana Mercado;;No binario;Engativá;bajoooo
2243;SofíaBenítez;22;Otro;kennedy;ALTO
2244;Rodolfo Martínez;60;Otro;kennedy;Bajo
2245;Iván García;35;No binario;Kennedy;Altoo
2246;Heidy Ramírez;38;Otro;Suba;Altoo
2247;Héctor Figueroa;69;Femenino;KENNEDY;Medio
2248;Pablo González;58;No binario;ENGATIVA;
2249;Sebastián Vargas;71;Otro;subaa;Bajo
2250;Ángel Marín;;No binario;ENGATIVA;Altoo
2251;Felipe Gómez;32;Masculino;SUBA;bajo
2252;Miryam Fuentes;36;Otro;Usaquén ;alto
2253;JoséRiascos;39;No binario;ENGATIVA;medio
2254;Enith Carrillo;20;No binario;Chapinero;Bajooo
2255;mercedes ruiz;73;Femenino;chapinero;Bajooo
2256;Antonio Gómez;26;No binario;SUBA;Bajooo
2257;Ramón Guzmán;51;No binario;CHAPINERO;ALTO
2258;Johana Henao;18;Masculino;Kennedyy;medio
2259;Alejandra Murcia;75;No binario;usaquen;bajoooo
2260;Wilson Torres;46;No binario;subaa;bajoooo
2261;  Martha  Barrera  ;55;Masculino; Suba;Alto
2262;Camila Pérez;26;Femenino;CHAPINEROOO;alto
2263;esperanza gonzález;71;Otro;SUBA;Medio
2264;fabián rodríguez;67;Otro;usaquen;Bajooo
2265;María Páez;24;Masculino;CHAPINEROOO;Alto
2266;Linda Hurtado;68;Masculino;usaquen;Bajooo
2267;Astrid López;52;;subaa;Altoo
2268;;23;Femenino;Usaquén;alto
2269;;55;Femenino;subaa;BAJO
2270;Cecilia López;69;Otro;Engativá ;MEDIO
2271;;54;;Usaquén ;Alto
2272;David Granados;53;Femenino;CHAPINERO;ALTO
2273;Paulo Pineda;73;Masculino;CHAPINERO;Bajo
2274;Luz Franco;21;No binario;subaa;bajoooo
2275;Diego Mercado;59;Femenino;usaquen;alto
2276;CarmenMoreno;50;No binario;Chapinero;medio
2277;Samir Angulo;19;Masculino;Suba;Alto
2278;  Rafael  Cifuentes  ;75;Otro;CHAPINERO;BAJO
2279;Melissa Ramírez;32;Femenino;chapinero;Alto
2280;;40;Femenino;Usaquén ;Bajo
2281;Eduardo Mosquera;39;Masculino;ENGATIVA;MEDIO
2282;Marcela Burbano;57;Femenino;CHAPINEROOO;bajo
2283;  Leydi  Mendoza  ;18;Masculino;kennedy;bajo
2284;Elizabeth Benavides;66;Femenino;Usaquén;bajoooo
2285;Liliana Díaz;57;Femenino;Suba;medio
2286;ERIKA ARDILA;55;Femenino;Chapinero;Medioo
2287;Esperanza Serrano;31;Otro;Suba;Alto
2288;NÉSTOR CORTÉS;48;No binario;Engativá ;BAJO
2289;  Patricia  Sánchez  ;58;Otro;Kennedy;Medioo
2290;Elizabeth Ortiz;19;;kennedy;bajoooo
2291;Victoria Rodríguez;63;Otro;Usaquén ;bajoooo
2292;Fernando Rivera;24;Masculino;Usaquén;medio
2293;Rosa Rodríguez;34;Femenino;usaquen;Alto
2294;Esteban Guevara;70;Otro;kennedy;Medioo
2295;Daniela Camargo;;No binario;Engativá ;Bajooo
2296;  Alexander  Montoya  ;33;No binario;engativa;Bajo
2297;Ximena Silva;36;Otro; Suba;MEDIO
2298;Nelsy Caicedo;30;Femenino;Usaquén ;ALTO
2299;david ruiz;19;Otro;Kennedy;Altoo
2300;Jorge González;67;Otro;Engativá;Bajooo
2301;  José  Martínez  ;40;;CHAPINEROOO;Altoo
2302;Fredy Hernández;74;No binario;Engativá ;Altoo
2303;  Omar  Ramírez  ;;Femenino;CHAPINERO;Medio
2304;Leydi López;68;;Engativá ;ALTO
2305;carlos perea;34;Otro;Usaquén;bajoooo
2306;  Alexander  Silva  ;36;Masculino;Kennedyy;ALTO
2307;Diego Muñoz;66;Femenino;USAQUEN;Medio
2308;Victoria Calderón;18;No binario; Suba;medio
2309;Patricia Granados;25;No binario;Usaquén;Bajooo
2310;Laura Rincón;51;Otro;;bajo
2311;  Alexis  García  ;46;Femenino;Suba;bajo
2312;francisco martínez;68;Otro;Engativá ;bajo
2313;Luis Rico;70;Femenino;subaa;Bajooo
2314;Marta Arias;66;;chapinero;Medioo
2315;Camilo Bravo;35;Masculino;Usaquén ;MEDIO
2316;Mónica Gómez;49;Femenino;CHAPINEROOO;Alto
2317;Patricia Suárez;67;No binario;usaquen;Altoo
2318;  Danilo  Salamanca  ;54;Masculino;USAQUEN;bajoooo
2319;Diana Bonilla;44;Masculino;subaa;MEDIO
2320;Andrés Díaz;18;Masculino;CHAPINERO;bajoooo
2321;Andrés Vargas;35;No binario;CHAPINERO;Medioo
2322;Antonio Díaz;67;Masculino;Engativá ;medio
2323;César Guerrero;36;Otro;subaa;ALTO
2324;Sandra Henao;59;Otro;usaquen;medio
2325;Edith Cruz;43;Masculino;USAQUEN;Medio
2326;Enrique Nieto;54;;subaa;ALTO
2327;Claudia Díaz;;Otro;subaa;MEDIO
2328;Mariela Quintero;44;No binario;Usaquén;bajo
2329;Cecilia Molano;33;No binario;subaa;Bajo
2330;Lida Romero;75;Femenino;CHAPINEROOO;medio
2331;Valentina Arroyo;57;; Suba;Bajooo
2332;Camila Arias;56;Masculino;chapinero;bajo
2333;Cristian Osorio;62;No binario;Chapinero;bajoooo
2334;Daniel León;72;Otro;Kennedy;ALTO
2335;Luis Rojas;45;Masculino;ENGATIVA;medio
2336;Sebastián Carmona;21;No binario;KENNEDY;alto
2337;JohanaBurgos;69;Femenino; Suba;Medio
2338;Lady Medina;28;Femenino;Usaquén ;Altoo
2339;Daniel Riascos;47;Masculino;USAQUEN;Alto
2340;Juan Delgado;63;Femenino;Engativá;bajo
2341;Alveiro Suárez;56;Masculino;KENNEDY;Bajooo
2342;Karen Torres;22;No binario;engativa;Medioo
2343;Guillermo Rodríguez;53;Otro;CHAPINERO;ALTO
2344;Armando Barrios;65;Masculino; Suba;Bajo
2345;Esperanza Cortés;60;Masculino; Suba;Altoo
2346;Luis Carmona;59;Femenino; Suba;Bajo
2347;Lucía Gómez;48;Femenino;USAQUEN;Bajo
2348;Maritza Hernández;51;Masculino;ENGATIVA;Alto
2349;Victoria Murillo;73;Otro;Usaquén ;Bajo
2350;CristinaArrieta;50;Otro;CHAPINEROOO;medio
2351;ANDREA CASTILLO;18;Masculino;ENGATIVA;Alto
2352;Gerardo Ardila;53;;Chapinero;Medio
2353;Daniel Alzate;44;Otro;chapinero;Medioo
2354;Carolina Luna;39;No binario;Engativá;ALTO
2355;Eduardo Escobar;27;Otro;Kennedyy;
2356;Nicolás Hurtado;47;Masculino;usaquen;Bajooo
2357;Karen Ariza;57;No binario;;BAJO
2358;Carlos García;75;Masculino;CHAPINERO;Bajooo
2359;Luz Fuentes;70;Otro;usaquen;bajo
2360;Doris Ayala;74;Femenino;KENNEDY;medio
2361;Marta Salas;43;Femenino;CHAPINERO;Bajooo
2362;Gabriel Torres;51;Masculino;KENNEDY;medio
2363;Jesús Agudelo;29;Masculino;CHAPINEROOO;Bajooo
2364;María Castaño;26;;Engativá;Medioo
2365;  Nidia  Suárez  ;42;Femenino;Kennedyy;ALTO
2366;María Montoya;65;No binario;subaa;medio
2367;Milena Sierra;18;Femenino;CHAPINEROOO;Altoo
2368;Inés Martínez;38;Femenino;Kennedyy;Alto
2369;MiguelMedina;36;No binario;Kennedy;ALTO
2370;CINDY HURTADO;65;Femenino;USAQUEN;Medioo
2371;José Torres;;No binario;kennedy;Bajo
2372;Nancy Medina;71;Otro;Kennedy;Bajo
2373;Marcela García;21;Femenino;CHAPINERO;medio
2374;Carlos Martínez;24;Otro;Kennedyy;Medioo
2375;Pilar García;70;;engativa;Alto
2376;JOSÉ PERDOMO;33;Masculino;Engativá ;MEDIO
2377;Carmen Hernández;66;Otro;Chapinero;Altoo
2378;Luis Reyes;28;Masculino;SUBA;bajoooo
2379;JESÚS RAMÍREZ;49;Femenino;engativa;Bajooo
2380;David Galvis;20;Otro;KENNEDY;Medio
2381;Esther García;47;Otro;USAQUEN;BAJO
2382;Jaime Valencia;18;No binario;subaa;MEDIO
2383;martín lópez;22;Masculino;SUBA;Medio
2384;Javier Salazar;58;;kennedy;bajoooo
2385;Doris Ruiz;28;Otro;engativa;BAJO
2386;Juan Rodríguez;40;Otro;Engativá;Altoo
2387;Viviana Ojeda;35;No binario;CHAPINERO;Medio
2388;DavidCerón;48;;KENNEDY;Altoo
2389;;75;Otro;CHAPINERO;Altoo
2390;vanesa sánchez;52;;ENGATIVA;Alto
2391;María Figueroa;50;No binario;usaquen;ALTO
2392;Alejandra Arias;18;Otro;Usaquén ;Bajooo
2393;Rafael Márquez;73;Femenino;Engativá ;Bajo
2394;Martha Martínez;34;Masculino;Engativá ;MEDIO
2395;Mateo Carmona;20;Masculino;Suba;Medioo
2396;Gabriel Fonseca;58;Otro;Engativá;alto
2397;maría aguirre;24;Otro;kennedy;Alto
2398;Martha Cardona;25;No binario;subaa;alto
2399;maría rojas;56;Masculino;usaquen;BAJO
2400;Andrés Ramírez;21;Femenino;chapinero;Altoo
2401;José Muñoz;57;Femenino;Engativá ;medio
2402;Lidia Ariza;44;Otro;KENNEDY;Bajo
2403;Isabel Bermúdez;42;Otro;;MEDIO
2404;MaríaOrozco;51;Otro;Usaquén;Bajo
2405;Alexander Gómez;41;Masculino;Engativá ;Bajo
2406;Carolina Gutiérrez;;Masculino;CHAPINEROOO;ALTO
2407;FabiánGarzón;19;Otro;chapinero;medio
2408;Luz Hoyos;41;Masculino;CHAPINEROOO;Bajo
2409;María Giraldo;26;No binario;SUBA;alto
2410;Luisa Melo;55;Masculino;kennedy;BAJO
2411;Alexander Leal;23;Masculino;Suba;Medioo
2412;María Gaviria;36;Otro;ENGATIVA;Alto
2413;Jesús Moreno;27;No binario;Engativá ;bajo
2414;Mery Rendón;71;No binario;Chapinero;alto
2415;Diana Ruiz;19;Otro;Engativá;bajoooo
2416;Arturo Contreras;18;Femenino;Engativá;Altoo
2417;Rosa Sierra;46;Otro;usaquen;bajo
2418;Yineth Carmona;34;No binario;engativa;alto
2419;María Vargas;47;Otro;Suba;ALTO
2420;Andrés Quintero;54;No binario;USAQUEN;Bajooo
2421;Helena Sánchez;25;Femenino;Kennedyy;alto
2422;Erika Romero;18;No binario;CHAPINEROOO;ALTO
2423;Antonio Moreno;23;Femenino;Suba;Alto
2424;Robert Sierra;31;Femenino;Kennedyy;bajo
2425;john pineda;73;Otro;kennedy;bajoooo
2426;  Henry  Naranjo  ;69;No binario;KENNEDY;BAJO
2427;Víctor Gómez;63;Otro;Usaquén;alto
2428;Luis Castro;18;Femenino;CHAPINEROOO;BAJO
2429;Lucía Triana;22;Femenino;Chapinero;medio
2430;Alexander López;71;Otro;ENGATIVA;medio
2431;Nidia Salamanca;22;Femenino;Chapinero;Bajooo
2432;David Pineda;27;No binario;Kennedy;medio
2433;Lorena Moreno;22;Masculino;ENGATIVA;ALTO
2434;Lucía Manrique;31;Masculino;Usaquén;bajoooo
2435;Steven Valencia;58;Masculino;USAQUEN;Alto
2436;Andrés Rojas;73;Otro;Engativá ;Alto
2437;Isabel Ríos;45;Masculino;CHAPINERO;bajo
2438;Francisco Prieto;72;No binario;usaquen;ALTO
2439;Natalia Rueda;56;Femenino;chapinero;ALTO
2440;José Hernández;71;Otro;Kennedyy;BAJO
2441;Ronal Obando;55;Otro;Chapinero;Medioo
2442;Milena Saavedra;44;No binario;Kennedy;bajo
2443;Wilmer Ruiz;26;Masculino;Suba;BAJO
2444;Luis Núñez;18;Femenino;Engativá ;Alto
2445;  Paola  Ruiz  ;51;Otro;USAQUEN;alto
2446;Fabio Bonilla;50;Masculino; Suba;Alto
2447;Sebastián Cuéllar;48;Otro; Suba;ALTO
2448;Fabiola Peña;34;Otro;subaa;Medioo
2449;Lida Saavedra;43;; Suba;medio
2450;Kevin Saavedra;30;Femenino;Kennedyy;medio
2451;Esperanza Patiño;71;Femenino;ENGATIVA;Bajo
2452;Sandra Díaz;64;No binario;Usaquén ;MEDIO
2453;Cristian Ávila;40;Otro;CHAPINEROOO;Bajooo
2454;MónicaOspina;46;No binario;Kennedy;Bajo
2455;Ángela Moreno;38;Femenino;USAQUEN;Altoo
2456;Eduardo Mosquera;18;Femenino;Engativá ;Bajooo
2457;;71;No binario;Engativá;bajo
2458;EduardoAcosta;69;Femenino; Suba;Bajo
2459;José Calderón;21;Femenino;Kennedyy;BAJO
2460;Alejandro Arias;18;No binario;Kennedyy;medio
2461;Hernando Rincón;74;Otro;Kennedy;Medio
2462;Marcela Ramírez;18;Masculino;engativa;Bajooo
2463;María Cabrera;18;No binario;CHAPINERO;alto
2464;;71;Masculino;Engativá ;
2465;María Ortiz;73;Masculino;Engativá;MEDIO
2466;Rosario Villamizar;35;Masculino;USAQUEN;bajo
2467;Adalberto Uribe;48;No binario;Kennedyy;Medio
2468;PATRICIA CARMONA;65;Femenino; Suba;ALTO
2469;Israel Gaviria;51;Otro;Engativá ;alto
2470;  Emilse  Valencia  ;19;Otro;ENGATIVA;Altoo
2471;Ester Vargas;36;Femenino;subaa;Bajo
2472;  Karina  Gómez  ;60;Masculino; Suba;Altoo
2473;Felipe Flórez;36;No binario;Usaquén ;Bajooo
2474;Eugenia Ávila;;Femenino;subaa;bajo
2475;jairo vega;55;;CHAPINEROOO;alto
2476;ANDRÉS PARDO;68;No binario;usaquen;ALTO
2477;Fabián Guzmán;74;No binario;KENNEDY;BAJO
2478;Yesenia Niño;38;Masculino;kennedy;alto
2479;María Barragán;50;Masculino;Kennedyy;Medioo
2480;José Medina;63;Femenino;kennedy;BAJO
2481;Felipe Velásquez;19;Masculino;ENGATIVA;bajo
2482;José Barrera;58;Masculino;Usaquén ;MEDIO
2483;Luz Jiménez;54;No binario;Suba;Alto
2484;FannySuárez;18;No binario;Kennedyy;Medio
2485;Pablo Restrepo;67;Femenino;Kennedyy;bajo
2486;Rubiela Ávila;72;Otro;subaa;bajo
2487;LuzDelgado;47;No binario;CHAPINERO;bajo
2488;Isabel Salcedo;;Femenino;CHAPINEROOO;alto
2489;Yesenia Camargo;39;Otro;Usaquén;alto
2490;Martha Patiño;74;Otro;usaquen;BAJO
2491;Duván Vélez;22;Otro;Usaquén;ALTO
2492;  Marcela  Peña  ;59;Masculino;kennedy;Medio
2493;Susana Díaz;67;Masculino;KENNEDY;medio
2494;Juan Amaya;27;Otro;usaquen;MEDIO
2495;Alejandra Cárdenas;69;Femenino;Engativá ;Bajooo
2496;Tatiana Aguirre;31;Otro;SUBA;bajo
2497;Nicolás Bautista;41;Femenino;Kennedy;bajo
2498;Óscar González;65;Masculino;Engativá;bajoooo
2499;Martha Cardona;70;Femenino;ENGATIVA;ALTO
2500;Juliana Guzmán;34;No binario;Chapinero;bajo
2501;Kelly Mercado;63;Femenino;engativa;Medioo
2502;José Quiroga;58;Masculino;subaa;
2503;;28;Masculino;kennedy;BAJO
2504;LIZETH FLÓREZ;37;No binario;Usaquén;BAJO
2505;Sebastián Barreto;46;Femenino;Kennedy;BAJO
2506;Carlos Navarro;67;Femenino;engativa;ALTO
2507;Milena Salas;63;Masculino;chapinero;medio
2508;Gloria Amaya;44;Masculino;;ALTO
2509;Mireya Álvarez;20;Femenino;CHAPINERO;Medioo
2510;SEBASTIÁN MARÍN;64;No binario;Engativá ;Medioo
2511;ANTONIO GONZÁLEZ;57;Femenino;usaquen;Medio
2512;MarcelaRamírez;33;Otro;USAQUEN;bajoooo
2513;Antonio Muñoz;42;Masculino;CHAPINERO;Alto
2514;IRMA ORDÓÑEZ;66;No binario;Usaquén ;Altoo
2515;  Andrés  Rodríguez  ;42;Otro;USAQUEN;Bajo
2516;Brayan Moreno;70;Masculino;Usaquén ;ALTO
2517;Juan Acosta;35;Otro;ENGATIVA;Alto
2518;Lucy García;37;Femenino;Engativá;bajoooo
2519;Alberto Vargas;41;Otro;chapinero;Medio
2520;Luis Beltrán;51;Otro;Kennedy;Bajo
2521;Luis Luna;46;No binario; Suba;ALTO
2522;Luz Sánchez;24;No binario;Engativá;Medioo
2523;JESÚS GÓMEZ;32;No binario;Suba;Bajo
2524;Guillermo Soto;24;No binario;Usaquén ;Alto
2525;Pedro Jiménez;59;Masculino;Engativá ;alto
2526;Marco Martínez;41;Femenino;chapinero;
2527;  Elvira  Díaz  ;50;Otro;Usaquén ;Bajo
2528;Javier León;36;Masculino;Kennedy;
2529;EduardoHurtado;34;Femenino;;Bajooo
2530;Fabián Díaz;51;Femenino;usaquen;bajoooo
2531;Yasmín Escobar;60;Otro;Chapinero;alto
2532;Jhonatan López;25;Otro;chapinero;Medio
2533;Karen Arias;51;Masculino;CHAPINEROOO;Medioo
2534;Lizeth Martínez;36;Femenino; Suba;Altoo
2535;Graciela Caicedo;18;No binario;usaquen;Bajo
2536;Margarita Hernández;45;No binario;CHAPINERO;Medioo
2537;Jhon Castro;48;Otro;Engativá;Alto
2538;Andrés Silva;70;Masculino;ENGATIVA;bajoooo
2539;Jhon Ávila;57;No binario;usaquen;bajoooo
2540;Sandra Padilla;41;No binario;usaquen;Bajooo
2541;Antonio Ospino;31;No binario;KENNEDY;bajoooo
2542;  Marlén  Pacheco  ;63;No binario;KENNEDY;Medio
2543;OSWALDO RENGIFO;73;No binario;kennedy;bajoooo
2544;Alexandra León;53;No binario;KENNEDY;
2545;Valentina Silva;36;Femenino;kennedy;Medio
2546;Harvey Romero;50;No binario; Suba;ALTO
2547;CarmenLondoño;;No binario;Usaquén;Alto
2548;José Barrera;35;No binario;kennedy;Bajo
2549;emma díaz;54;Femenino;USAQUEN;bajo
2550;Alberto Blanco;43;Otro;KENNEDY;alto
2551;Agustín Rodríguez;66;Femenino;subaa;Medioo
2552;María Pineda;18;Otro;Engativá;Medio
2553;Paola Miranda;63;No binario;Engativá ;alto
2554;Francisco Anaya;31;Masculino;ENGATIVA;bajoooo
2555;Fabiola Quintero;67;Otro;Usaquén;Medio
2556;Luis Henao;31;No binario;chapinero;BAJO
2557;maría ramírez;54;Otro;Usaquén;Bajooo
2558;Blanca Angulo;34;Masculino;Chapinero;Medioo
2559;Natalia Mora;67;;CHAPINEROOO;Bajo
2560;Paula Rodríguez;72;Masculino;kennedy;ALTO
2561;Manuel Herrera;33;Masculino;chapinero;ALTO
2562;Daniel Garzón;27;Femenino;Engativá;ALTO
2563;María Díaz;71;Masculino;kennedy;Medio
2564;Vanessa Quintero;74;No binario;Kennedy;Medio
2565;Javier Alarcón;19;Otro;Chapinero;MEDIO
2566;Orlando Jaimes;25;No binario;USAQUEN;medio
2567;YAZMÍN PINEDA;31;No binario;engativa;BAJO
2568;  Stiven  Montoya  ;53;Masculino;SUBA;Medio
2569;Mary Páez;36;Femenino;USAQUEN;Medio
2570;FABIOLA VILLAMIZAR;39;No binario;CHAPINEROOO;Bajooo
2571;Fredy Suárez;38;No binario;Engativá;
2572;Daniel Ruiz;22;No binario;Kennedyy;BAJO
2573;Andrés Rojas;42;Femenino;Chapinero;Medioo
2574;Manuel Vera;46;No binario;engativa;BAJO
2575;Sergio Romero;58;No binario;ENGATIVA;alto
2576;Saúl Castro;73;;;BAJO
2577;María Castrillón;71;No binario;Engativá ;BAJO
2578;Antonio Benítez;69;Masculino;;Bajooo
2579;Carlos Giraldo;69;No binario;Kennedy;
2580;  Juan  Leal  ;25;Femenino;Kennedy;Alto
2581;  César  Rueda  ;;Otro; Suba;Medioo
2582;Eugenia Gómez;;Otro;Suba;Altoo
2583;rosario zapata;60;;Usaquén ;Altoo
2584;Leidy Cárdenas;59;Femenino;Chapinero;Bajooo
2585;Jhoan Rojas;41;Masculino;subaa;Bajo
2586;Angie González;19;Masculino;Usaquén ;Medio
2587;Julián Castaño;66;Masculino;usaquen;MEDIO
2588;Arley Marín;58;Masculino; Suba;Medioo
2589;María Ramos;49;Masculino;CHAPINERO;Medioo
2590;José Ramírez;70;No binario;CHAPINERO;Bajooo
2591;MartínArdila;53;Otro;engativa;BAJO
2592;JoséGuevara;29;Masculino;Kennedyy;Medioo
2593;Isabel Bohórquez;27;No binario;;Bajo
2594;Armando Rico;46;Otro;Usaquén;bajoooo
2595;Javier Hernández;44;Masculino;kennedy;bajoooo
2596;DanielCruz;48;Femenino;ENGATIVA;BAJO
2597;Alejandro Guzmán;29;Masculino;CHAPINEROOO;Alto
2598;  María  Montenegro  ;18;Otro;Kennedy;ALTO
2599;Eduardo Hurtado;56;Otro;USAQUEN;Medioo
2600;Andrea Correa;54;Masculino;CHAPINEROOO;Bajo
2601;Luz Guzmán;27;Otro;USAQUEN;bajo
2602;Alexander Álvarez;69;No binario;usaquen;
2603;Carlos Álvarez;75;Masculino;Suba;Alto
2604;Stiven Ruiz;;No binario;CHAPINEROOO;bajoooo
2605;Elena Castro;42;No binario;Chapinero;Alto
2606;Yolanda Mendoza;25;Femenino;USAQUEN;bajoooo
2607;;44;Masculino;CHAPINERO;bajo
2608;Paola Sánchez;23;Masculino;Chapinero;Medioo
2609;Esperanza Rodríguez;29;No binario;usaquen;Medio
2610;Antonio Molina;37;;Kennedyy;Alto
2611;Adriana Romero;64;Femenino;CHAPINERO;Bajooo
2612;Yolanda Hernández;52;Otro;USAQUEN;BAJO
2613;Diego Gutiérrez;25;Otro;Kennedyy;Medio
2614;Olga García;45;No binario;engativa;medio
2615;David Quintero;19;Femenino;Usaquén ;Bajo
2616;RAQUEL HERNÁNDEZ;21;Femenino;Suba;alto
2617;Ofelia Gil;;No binario;chapinero;Alto
2618;Sandra Martínez;40;Masculino;ENGATIVA;MEDIO
2619;Jennifer Díaz;32;Masculino;Kennedy;bajo
2620;JuanVega;47;Femenino;kennedy;ALTO
2621;Fredy Bermúdez;31;No binario; Suba;Bajooo
2622;david álvarez;52;Masculino;kennedy;alto
2623;Víctor Amaya;39;Femenino;Suba;alto
2624;Enrique Lozano;28;No binario;Engativá ;Altoo
2625;Dairo Tovar;69;Femenino;Usaquén ;bajo
2626;Josefina Hernández;71;No binario;ENGATIVA;Bajooo
2627;John Villegas;45;Otro;KENNEDY;bajoooo
2628;VilmaCárdenas;26;No binario;KENNEDY;Bajooo
2629;Manuel Blanco;70;No binario;subaa;ALTO
2630;Yuri Moreno;38;No binario;chapinero;BAJO
2631;INÉS PRIETO;37;Otro;CHAPINEROOO;bajo
2632;David Barreto;72;Masculino;engativa;ALTO
2633;Socorro Bermúdez;25;Otro;Usaquén;bajo
2634;Enrique Angulo;36;Femenino;chapinero;ALTO
2635;Alonso Cárdenas;62;Otro;ENGATIVA;Altoo
2636;MaríaAcosta;58;Femenino; Suba;Bajo
2637;Dayana Restrepo;70;Masculino; Suba;BAJO
2638;Carolina Solano;73;Femenino;chapinero;medio
2639;Alberto Hernández;50;No binario;Engativá;Bajooo
2640;;61;Otro;Kennedyy;MEDIO
2641;Sandra Figueroa;63;Masculino;Kennedy;bajoooo
2642;ORLANDO VALENCIA;31;Masculino;Usaquén ;Medio
2643;Jesús Alzate;62;Masculino;Usaquén;MEDIO
2644;Andrés Castillo;65;;Engativá;Bajo
2645;ROSARIO BELTRÁN;75;Masculino;Usaquén ;alto
2646;Luis Quiroz;48;Otro;Usaquén;Medioo
2647;jenny herrera;38;No binario;subaa;Bajo
2648;John Vega;74;Masculino;Kennedyy;MEDIO
2649;Julián Mejía;45;Otro;ENGATIVA;Altoo
2650;Fabián Vásquez;54;No binario;KENNEDY;MEDIO
2651;  Leidy  Vergara  ;48;Otro;Usaquén ;MEDIO
2652;  Ana  Granados  ;52;Otro;subaa;MEDIO
2653;Carlos Reyes;33;Femenino;ENGATIVA;Alto
2654;Juan Restrepo;39;Masculino;kennedy;Bajooo
2655;Luis Pinto;18;Femenino;;bajoooo
2656;Gloria Arteaga;48;No binario;CHAPINERO;Medio
2657;Patricia González;28;Otro;Engativá ;bajo
2658;;70;Masculino;KENNEDY;Alto
2659;John Fuentes;66;Femenino;SUBA;ALTO
2660;lizeth zapata;50;Otro;SUBA;Bajooo
2661;Alexander López;46;Femenino;Kennedy;BAJO
2662;Víctor Murcia;31;Masculino;SUBA;ALTO
2663;Rubén Acevedo;57;No binario;KENNEDY;medio
2664;María Sánchez;40;No binario;Engativá ;Medioo
2665;Milena Contreras;33;Otro;;bajoooo
2666;Sara Escobar;26;No binario;engativa;medio
2667;Elena Carrillo;71;Masculino;CHAPINERO;ALTO
2668;;;No binario;Engativá ;Medio
2669;Valentina Jaramillo;23;Otro;Suba;Bajooo
2670;Arley Suárez;19;Femenino;kennedy;bajo
2671;Vicente Mejía;56;Femenino;USAQUEN;ALTO
2672;Josué Herrera;29;No binario;Engativá;Bajooo
2673;Andrea Rodríguez;44;No binario;CHAPINERO;Bajo
2674;FRANK PARRA;49;No binario;Kennedy;Alto
2675;Carmen Jiménez;74;Femenino;SUBA;BAJO
2676;;62;Femenino;;Bajo
2677;Eliana Caicedo;19;Masculino;Usaquén ;Alto
2678;luz narváez;30;Femenino;Usaquén ;alto
2679;Armando Mosquera;71;Masculino;Usaquén;Bajo
2680;Nelson Leal;33;No binario;Chapinero;BAJO
2681;Leidy Narváez;51;Femenino;usaquen;MEDIO
2682;Helena Ruiz;61;Femenino;usaquen;alto
2683;Jenny Flórez;44;Masculino;Engativá;Alto
2684;Luis Durán;72;Otro;usaquen;Bajo
2685;Cielo Díaz;71;Masculino;engativa;bajo
2686;Kelly Velandia;;No binario;Kennedyy;MEDIO
2687;pedro sánchez;25;Femenino;Kennedyy;Bajooo
2688;Leider Camacho;;No binario;Engativá ;Medio
2689;Marcela García;26;Femenino;CHAPINERO;MEDIO
2690;María Camargo;;No binario;CHAPINEROOO;Bajooo
2691;  Derly  Mendoza  ;45;Masculino;chapinero;Bajooo
2692;Heriberto García;28;Masculino;KENNEDY;Altoo
2693;Jorge Guerrero;39;No binario;Engativá ;Medioo
2694;Aida Angulo;;Otro;kennedy;
2695;ALBERTO OSORIO;36;No binario;ENGATIVA;MEDIO
2696;Gloria Palacios;26;Otro;engativa;MEDIO
2697;LUIS CARDONA;37;Masculino;engativa;Bajo
2698;  Maritza  Díaz  ;63;No binario;SUBA;medio
2699;Alberto Escobar;67;Femenino;;Alto
2700;EdgarMoreno;43;Masculino;CHAPINEROOO;Bajo
2701;José Peña;29;Femenino;chapinero;alto
2702;Luis Morales;18;No binario;Chapinero;Altoo
2703;  Robert  Jaramillo  ;63;Otro;KENNEDY;bajo
2704;Diego González;19;Otro;Engativá;Altoo
2705;Yazmín Barrios;56;No binario;SUBA;ALTO
2706;Isabel Ariza;41;Otro;CHAPINERO;ALTO
2707;Jader Castrillón;53;No binario; Suba;ALTO
2708;Jaime Restrepo;53;Femenino;engativa;Bajooo
2709;Ana Naranjo;31;No binario; Suba;Alto
2710;Andrea Ortega;41;Masculino;Kennedyy;Alto
2711;Jairo Salamanca;57;Otro;Engativá ;ALTO
2712;Ana Acevedo;66;Otro;Usaquén;ALTO
2713;  Orlando  Álvarez  ;47;Masculino;chapinero;Altoo
2714;  Luz  Herrera  ;47;No binario;KENNEDY;alto
2715;Jaime Correa;61;;Chapinero;Alto
2716;José Correa;20;Masculino;Usaquén ;
2717;Felipe Salazar;39;Masculino;subaa;Altoo
2718;Ever Bautista;32;Otro;Suba;bajo
2719;Nancy Gómez;73;Otro;subaa;Alto
2720;Harold Zambrano;29;Otro;Usaquén;medio
2721;  Daniel  Londoño  ;40;Otro;usaquen;Bajooo
2722;Luz Ortega;58;Femenino;Engativá;BAJO
2723;Claudia Martínez;32;Masculino;Engativá ;Alto
2724;sneider montes;33;No binario;Kennedy;alto
2725;Antonio Gutiérrez;64;Femenino;usaquen;Alto
2726;AnaMora;25;No binario;Chapinero;Bajo
2727;Hernando Castro;45;Femenino;Kennedyy;Medio
2728;Marcela Castro;39;;Kennedyy;MEDIO
2729;Esteban Rodríguez;63;No binario;Suba;Altoo
2730;Martha Pérez;51;Masculino;engativa;Medio
2731;Juan Sánchez;41;Femenino;engativa;alto
2732;  Liseth  Arévalo  ;24;Femenino;engativa;medio
2733;Beatriz Bermúdez;39;Masculino;usaquen;Medio
2734;Dolly Vera;33;Otro;Engativá;alto
2735;  Nelson  Herrera  ;48;Masculino;Engativá ;Medioo
2736;Ana Sánchez;26;Otro;subaa;Alto
2737;Oswaldo Sánchez;57;Masculino;SUBA;Medioo
2738;GISELA CHACÓN;43;Masculino;subaa;medio
2739;Ángel Moreno;40;No binario;subaa;bajoooo
2740;Carmenza Henao;23;Femenino;usaquen;Bajo
2741;  Laura  Ardila  ;59;Femenino;kennedy;bajo
2742;Johanna Bedoya;21;Otro;subaa;Bajo
2743;Alfonso González;56;Femenino;subaa;BAJO
2744;Claudia Castillo;33;Masculino;CHAPINERO;alto
2745;  Karen  Cano  ;66;Femenino;ENGATIVA;MEDIO
2746;alfonso lozano;52;Femenino;CHAPINERO;Altoo
2747;  Lizeth  Rueda  ;74;No binario;Engativá ;Bajo
2748;Cielo Sánchez;23;No binario;ENGATIVA;medio
2749;Gabriel Rodríguez;49;Femenino;Chapinero;Medio
2750;Edison Cardona;48;No binario;CHAPINERO;bajoooo
2751;JavierBurgos;52;Otro;chapinero;MEDIO
2752;Manuel Gómez;55;Otro;USAQUEN;bajoooo
2753;Gerardo Henao;40;Masculino;subaa;Medio
2754;Jefferson Mejía;25;No binario;Engativá ;bajoooo
2755;gerardo andrade;71;No binario;Chapinero;medio
2756;MARY ORTIZ;72;Otro;Usaquén;Alto
2757;Diana Hoyos;36;Masculino;ENGATIVA;Alto
2758;Socorro Perdomo;36;Masculino;subaa;Medio
2759;  César  Ardila  ;41;Femenino;ENGATIVA;ALTO
2760;Juan Ramírez;48;;Usaquén ;Medioo
2761;Gladys Barrios;19;Femenino;;bajo
2762;Gloria Vásquez;43;Masculino;KENNEDY;ALTO
2763;Javier Serrano;56;Femenino;Usaquén;Medioo
2764;MARÍA LÓPEZ;21;Femenino;Engativá;Alto
2765;  Sandra  Marín  ;51;Masculino;subaa;Altoo
2766;Marina Gutiérrez;70;No binario; Suba;Medioo
2767;Elena Rodríguez;57;Otro;Kennedy;Medio
2768;Andrea Rico;39;Otro;Suba;MEDIO
2769;Alexander Perea;18;No binario;Usaquén ;bajo
2770;Leandro Henao;28;Otro;subaa;ALTO
2771;Camilo González;37;Femenino;kennedy;Medio
2772;Esteban Hernández;62;Masculino;CHAPINEROOO;Medio
2773;Alexander Maldonado;;No binario;CHAPINEROOO;bajo
2774;Carlos Parada;25;Femenino;Kennedyy;bajoooo
2775;JohanVélez;37;Masculino;CHAPINEROOO;ALTO
2776;Johana Correa;32;No binario;CHAPINERO;Medioo
2777;Segundo Henao;72;Femenino;Kennedy;bajoooo
2778;Harold Castro;69;Femenino;Engativá;BAJO
2779;Graciela Rentería;75;Femenino;ENGATIVA;Medio
2780;Ángel Valencia;34;Masculino;kennedy;bajo
2781;Cecilia García;56;No binario; Suba;bajoooo
2782;Jaime Flórez;45;Otro;KENNEDY;Alto
2783;Nelly Martínez;65;Femenino;subaa;Altoo
2784;Edward Ortiz;23;Masculino;chapinero;Medioo
2785;Edna Rincón;48;Masculino;CHAPINERO;Bajo
2786;  Adrián  León  ;28;Otro;Kennedyy;Altoo
2787;Gloria Rincón;44;Femenino;CHAPINERO;BAJO
2788;ISABEL SOLANO;59;Otro;USAQUEN;MEDIO
2789;Marina Franco;60;;CHAPINERO;Altoo
2790;Yeison Forero;44;Masculino; Suba;Medio
2791;Sandra García;57;Otro;SUBA;Medioo
2792;Carlos Vargas;47;;Kennedy;bajoooo
2793;Cindy Triana;50;Femenino;Engativá;Altoo
2794;Milena Bedoya;38;Femenino;KENNEDY;Bajo
2795;  Milton  Vergara  ;63;No binario;CHAPINEROOO;bajo
2796;Mónica Bermúdez;23;Femenino;Chapinero;Altoo
2797;Anderson Córdoba;59;Femenino;ENGATIVA;Alto
2798;  José  Ballesteros  ;30;Femenino;usaquen;bajoooo
2799;Concepción Mejía;45;Otro; Suba;Altoo
2800;Santiago Ocampo;64;No binario;Kennedy;bajoooo
2801;Julián Montoya;71;;CHAPINEROOO;MEDIO
2802;María Posada;41;No binario;Chapinero;Bajooo
2803;Leonardo Ramos;36;Otro;SUBA;Bajo
2804;carlos betancur;30;;KENNEDY;Alto
2805;Clara Carrillo;35;No binario; Suba;Bajooo
2806;Yenny Barrera;47;;subaa;alto
2807;Andrey López;55;Otro;Engativá;Altoo
2808;Andrés Salamanca;63;No binario;ENGATIVA;bajoooo
2809;Ana Cruz;;No binario;Suba;alto
2810;Sebastián Jaimes;29;Femenino;engativa;alto
2811;Gloria Gómez;74;Otro;Chapinero;Altoo
2812;Kelly Ramírez;32;Otro;usaquen;Altoo
2813;JHON TRIANA;52;Otro;Suba;Bajo
2814;Fernando Mosquera;61;Otro;SUBA;Alto
2815;Andrea Barrera;68;No binario;CHAPINERO;BAJO
2816;Felipe Hernández;53;No binario; Suba;Bajo
2817;ELENA PINZÓN;72;No binario;ENGATIVA;Medio
2818;Juan Rincón;66;Otro;SUBA;MEDIO
2819;Luz Ríos;42;Femenino;chapinero;bajo
2820;Natalia Lozano;56;No binario;CHAPINERO;MEDIO
2821;Hernán Cardona;41;No binario;Usaquén;bajo
2822;Reinel Gómez;73;No binario;CHAPINEROOO;Alto
2823;Luz Mesa;38;No binario;usaquen;Altoo
2824;María González;59;Otro;Usaquén ;bajoooo
2825;Mario Soto;34;Masculino;CHAPINERO;medio
2826;Dolores Buitrago;;Masculino;SUBA;bajoooo
2827;Omar Sánchez;37;Otro;chapinero;bajo
2828;Carlos Velandia;59;Otro;Engativá ;bajoooo
2829;  María  Hernández  ;64;Femenino;Usaquén ;Bajooo
2830;Jesús Ortega;30;Femenino;Engativá ;alto
2831;Gerardo Gómez;73;Otro;KENNEDY;Medio
2832;Diego Hernández;66;No binario;Kennedyy;Medioo
2833;Carolina Martínez;38;Masculino;Usaquén ;ALTO
2834;Viviana Alzate;45;Otro;Engativá ;MEDIO
2835;Aida Pérez;60;;KENNEDY;alto
2836;Juan Figueroa;74;Masculino;Kennedy;bajoooo
2837;Sandra Zapata;;Masculino;CHAPINEROOO;ALTO
2838;Orlando Torres;29;Otro;Usaquén ;medio
2839;Ricardo Osorio;27;Masculino;chapinero;MEDIO
2840;EdwinRiascos;46;Femenino;Engativá;ALTO
2841;Javier Valencia;37;Femenino;;BAJO
2842;EfrénEscobar;73;Femenino;SUBA;bajoooo
2843;Marcela Perea;62;No binario;SUBA;Medio
2844;William Cabrera;22;Femenino;;bajoooo
2845;Juan Quintero;67;Masculino;Kennedyy;Altoo
2846;Paola Hernández;49;Otro;Kennedyy;Bajo
2847;Marleny Benavides;61;Masculino;kennedy;bajoooo
2848;Luis Mendoza;73;No binario;Kennedyy;MEDIO
2849;Robinson Gómez;37;Masculino;Usaquén;bajo
2850;DIANA SANABRIA;42;Femenino;CHAPINEROOO;Alto
2851;David Castaño;47;Femenino;Usaquén;ALTO
2852;  María  Reyes  ;27;Femenino;Engativá;Bajooo
2853;María Díaz;59;Femenino;Engativá;Bajo
2854;Andrea Arango;46;Masculino;Suba;Medioo
2855;Sergio Guerrero;53;Otro;Engativá ;ALTO
2856;Mario Perdomo;74;Femenino;Suba;Medioo
2857;Eduardo Rojas;21;Masculino;Suba;
2858;Jorge Guzmán;59;Masculino;;ALTO
2859;Jessica Rico;34;Masculino;Kennedy;MEDIO
2860;  David  Gómez  ;69;No binario;ENGATIVA;Medioo
2861;Gloria Sierra;30;No binario;Engativá;Bajo
2862;Leandro Pineda;58;Otro;Kennedy;medio
2863;Julio Romero;20;No binario;usaquen;Medioo
2864;maría moreno;53;Masculino;engativa;bajoooo
2865;Paola Contreras;61;Masculino;Kennedy;MEDIO
2866;Diana Morales;53;;CHAPINEROOO;Bajooo
2867;Cristian Montoya;34;No binario;Kennedyy;Bajo
2868;MarinaFuentes;58;Otro;usaquen;Medio
2869;Alexander Castro;45;Femenino;SUBA;MEDIO
2870;Elena Bautista;62;Femenino;ENGATIVA;Bajo
2871;manuel tamayo;71;Masculino;chapinero;Bajo
2872;Emilia Díaz;60;Masculino;Kennedyy;
2873;Enrique Gómez;64;Otro;kennedy;ALTO
2874;Jorge Gutiérrez;66;No binario;Usaquén;bajo
2875;edilma quintero;40;No binario;Usaquén;bajoooo
2876;ricardo uribe;49;; Suba;Bajooo
2877;María Mena;71;No binario;Kennedy;Alto
2878;Elías Díaz;60;Femenino;CHAPINEROOO;Bajo
2879;julián reyes;33;Masculino; Suba;Bajooo
2880;Martha Lara;45;No binario; Suba;
2881;Óscar Vega;32;Otro;KENNEDY;Medioo
2882;camila ramírez;58;No binario;engativa;ALTO
2883;Javier Valencia;62;Otro;subaa;Medio
2884;JAIME VALENCIA;51;Femenino;Usaquén ;ALTO
2885;Diana Daza;45;Femenino;Engativá ;bajoooo
2886;Gabriel Rivera;37;No binario;Kennedyy;ALTO
2887;;54;Otro;CHAPINEROOO;Medio
2888;  Inés  Ortega  ;66;No binario;Kennedy;BAJO
2889;Yeny Naranjo;68;Otro;Kennedyy;Bajooo
2890;MilenaChaparro;67;Masculino; Suba;BAJO
2891;;37;Masculino;Usaquén ;medio
2892;Yasmín Giraldo;43;No binario;engativa;BAJO
2893;MarcelaPinzón;27;Masculino;Engativá ;BAJO
2894;Fernando Obando;62;Femenino;Usaquén ;Bajooo
2895;Alejandra Hernández;54;Femenino;engativa;ALTO
2896;Eduardo Martínez;41;Femenino;engativa;ALTO
2897;Marcela Melo;31;Masculino;subaa;bajoooo
2898;DOLORES PÉREZ;29;Femenino;engativa;alto
2899;Nubia Rivas;46;Masculino;Usaquén ;Altoo
2900;Alberto Angulo;56;No binario;engativa;Medioo
2901;Fernando Ávila;37;Femenino;Suba;BAJO
2902;  Carolina  Manrique  ;66;Otro;SUBA;medio
2903;Guillermo García;75;;;ALTO
2904;Esteban Rincón;58;Femenino;Engativá ;alto
2905;Ronal Vega;54;Femenino;KENNEDY;Medioo
2906;FREDY CASTRO;62;Masculino;engativa;medio
2907;MIGUEL GALVIS;25;Otro;CHAPINERO;Medioo
2908;Esther Valencia;75;No binario;engativa;medio
2909;Carlos Galindo;32;No binario;ENGATIVA;alto
2910;Juan Sánchez;27;Femenino;engativa;Bajo
2911;Carlos Rodríguez;71;Otro;engativa;Medio
2912;Aurelio Gómez;75;Otro;Suba;Bajooo
2913;Nelcy Solano;68;Otro;USAQUEN;
2914;María Contreras;46;Masculino;SUBA;medio
2915;Yina Bautista;36;Otro;KENNEDY;Bajo
2916;Armando Cárdenas;41;No binario;subaa;
2917;Daniela Velásquez;;Masculino;Usaquén;medio
2918;María Ariza;68;Masculino;Engativá ;Alto
2919;Bernardo Hernández;43;Femenino;engativa;Altoo
2920;Elizabeth Jaimes;55;No binario;engativa;Altoo
2921;Andrea Acosta;61;No binario;Usaquén;Alto
2922;Viviana Narváez;31;Otro;chapinero;Medio
2923;EstebanCano;72;No binario;Kennedyy;Bajooo
2924;María Cárdenas;63;No binario;Engativá;BAJO
2925;ÁngelPulido;72;Masculino;subaa;bajo
2926;Mariana Angulo;41;Femenino;Chapinero;bajoooo
2927;Astrid Restrepo;75;Otro;Engativá;MEDIO
2928;Fernando Estrada;55;Femenino;chapinero;Alto
2929;Patricia Santos;73;No binario;Suba;Altoo
2930;Nelly Gómez;71;Otro;Usaquén ;BAJO
2931;Jennifer Ortiz;62;Otro;Usaquén ;Medio
2932;GREGORIO RÍOS;52;Otro;ENGATIVA;bajo
2933;WilliamMesa;21;Masculino;chapinero;ALTO
2934;Ana Rangel;67;No binario;usaquen;Alto
2935;Felipe Martínez;51;Femenino;Usaquén;Medio
2936;  Giovanny  Gil  ;42;;;Altoo
2937;Sergio González;20;Masculino;SUBA;MEDIO
2938;Dora Beltrán;56;No binario;SUBA;Medio
2939;  Dora  Díaz  ;27;No binario;USAQUEN;Bajooo
2940;Luis Martínez;70;No binario;Usaquén ;BAJO
2941;Camilo Ramírez;57;Masculino;CHAPINERO;Bajo
2942;Yeferson Moreno;54;;SUBA;bajo
2943;Martha Acosta;25;No binario;Suba;ALTO
2944;Samuel Murillo;43;Femenino;subaa;medio
2945;andrey rojas;33;Femenino;ENGATIVA;Altoo
2946;Mauricio Torres;18;Masculino;Chapinero;MEDIO
2947;Dayana Ortiz;27;Femenino;engativa;Altoo
2948;Manuel Castro;57;Masculino;subaa;Altoo
2949;PATRICIA HERRERA;34;Femenino;engativa;Alto
2950;Denis Silva;66;Femenino;KENNEDY;MEDIO
2951;Paola Blanco;55;;Kennedyy;medio
2952;JAVIER LOZANO;19;Otro;subaa;Medioo
2953;margarita beltrán;62;Otro;ENGATIVA;Altoo
2954;Francisco Garcés;38;No binario;usaquen;MEDIO
2955;Edwin Ibarra;73;Masculino;;BAJO
2956;Patricia Galindo;55;No binario;CHAPINERO;alto
2957;Yineth García;32;No binario;subaa;Altoo
2958;Ernesto Gutiérrez;73;Masculino;usaquen;Bajo
2959;Jefferson González;64;Masculino;engativa;bajoooo
2960;  Esperanza  Benavides  ;56;Otro;USAQUEN;Bajooo
2961;yurani pulido;54;Otro;engativa;ALTO
2962;José Pineda;54;Femenino;KENNEDY;MEDIO
2963;Margarita Tamayo;66;Masculino;usaquen;Bajooo
2964;Andrés Hernández;71;Femenino;Engativá ;MEDIO
2965;Erika Marín;20;No binario;subaa;bajoooo
2966;Jorge Jiménez;54;No binario;CHAPINERO;Medioo
2967;Luz Bohórquez;46;Masculino;subaa;bajoooo
2968;Cristina Erazo;29;Masculino;CHAPINEROOO;Alto
2969;Jorge Peña;21;Femenino;CHAPINERO;Bajooo
2970;Nubia Jaimes;19;No binario;usaquen;alto
2971;Teresa Vega;26;No binario;ENGATIVA;Alto
2972;JHON SEPÚLVEDA;33;Masculino;ENGATIVA;BAJO
2973;Mabel Suárez;36;Otro;Suba;alto
2974;Marcela Angulo;34;Otro;Kennedy;Bajo
2975;Carolina Muñoz;37;Otro;Chapinero;Bajooo
2976;Yeny Manrique;43;;CHAPINERO;Alto
2977;Ángel Gómez;48;;Kennedyy;bajoooo
2978;Sonia Cárdenas;55;Femenino;SUBA;Altoo
2979;Claudia Salgado;30;Masculino;CHAPINEROOO;Medioo
2980;Alejandro Gutiérrez;25;No binario;Suba;bajo
2981;  Franco  Villa  ;18;Masculino;Usaquén;medio
2982;Jhon Soto;19;Femenino;Chapinero;medio
2983;Lucía Moreno;43;No binario;Engativá;BAJO
2984;maría ruiz;59;Masculino;ENGATIVA;Medioo
2985;Carmen Muñoz;32;No binario;kennedy;bajoooo
2986;Rosa Londoño;30;Otro;SUBA;bajo
2987;María Ruiz;59;;Engativá;bajoooo
2988;Nubia Arias;43;Otro;kennedy;ALTO
2989;Andrés Pérez;;Masculino;SUBA;medio
2990;KarenCáceres;22;Masculino;kennedy;ALTO
2991;karina sierra;27;No binario;usaquen;bajo
2992;Milena Cruz;55;Otro;engativa;Altoo
2993;Angélica Rodríguez;56;Masculino;CHAPINEROOO;Altoo
2994;Jairo Obando;62;Otro;USAQUEN;medio
2995;Vanessa Rueda;26;Masculino;kennedy;Medio
2996;Danna Gutiérrez;68;No binario;Engativá ;medio
2997;Ariel Puentes;30;Femenino;Usaquén ;Medioo
2998;Carlos Sánchez;73;No binario;ENGATIVA;BAJO
2999;Carlos Fajardo;20;Masculino;CHAPINERO;MEDIO
3000;Vanesa Barrios;48;No binario;Chapinero;Medioo
3001;Miguel Maldonado;40;No binario;USAQUEN;Bajooo
3002;Isabel Caicedo;26;Otro;Usaquén;Altoo
3003;NATALIA CASTILLO;63;Masculino;Usaquén ;bajo
3004;Héctor Marín;29;No binario;Engativá;bajoooo
3005;Andrea Martínez;;;usaquen;Medioo
3006;Jorge Orozco;51;Otro;USAQUEN;Medioo
3007;Inés Rubio;66;Otro;Engativá ;medio
3008;Yaneth Rodríguez;40;Masculino;CHAPINEROOO;Alto
3009;Andrés Marín;43;Masculino;Kennedy;Bajo
3010;Javier López;45;No binario;USAQUEN;medio
3011;José Ramírez;38;Masculino;USAQUEN;bajo
3012;Yolanda Calderón;64;Masculino;subaa;Altoo
3013;Vicente Gamboa;30;Femenino;ENGATIVA;BAJO
3014;Consuelo Sánchez;55;Otro;SUBA;bajo
3015;  Guillermo  Arias  ;70;Femenino;SUBA;bajoooo
3016;Alicia Gutiérrez;21;Femenino;Suba;Alto
3017;Judith Rendón;58;Otro;subaa;bajo
3018;OmarLópez;43;Femenino;Usaquén ;Bajo
3019;MIGUEL MARÍN;38;No binario;KENNEDY;BAJO
3020;Wilfredo Arenas;27;Otro;ENGATIVA;Medio
3021;  Nancy  Cifuentes  ;72;Otro;Usaquén;Altoo
3022;Marcos Salazar;70;Otro;engativa;bajo
3023;Yesid Hernández;66;No binario;SUBA;bajoooo
3024;Juan García;43;Femenino; Suba;Alto
3025;Laura Ortega;;Masculino;Kennedy;Medio
3026;Arturo Ospino;75;No binario;Kennedy;
3027;Patricia Olaya;38;Femenino;Kennedyy;Bajooo
3028;Alfonso López;56;Masculino;chapinero;Bajooo
3029;Amanda Caro;66;Masculino;USAQUEN;Bajooo
3030;Fabiola Cortés;56;Masculino;chapinero;Altoo
3031;Camilo Tovar;33;Masculino; Suba;MEDIO
3032;MARCELA DÍAZ;40;Masculino;Usaquén;Bajooo
3033;Nidia Cortés;66;No binario;Usaquén;
3034;María Luna;18;Masculino;USAQUEN;alto
3035;Hernán Suárez;19;Femenino;Chapinero;bajo
3036;Luis Restrepo;74;Otro;usaquen;BAJO
3037;María Rodríguez;23;No binario;Usaquén;Bajooo
3038;Lina Arteaga;22;Otro;Suba;BAJO
3039;HernánOrtega;68;No binario;USAQUEN;Altoo
3040;JesúsSantos;46;Femenino;;bajoooo
3041;Elvira Rincón;66;Femenino;SUBA;bajo
3042;;42;No binario;CHAPINEROOO;Medio
3043;Eduardo Vargas;18;Femenino;Usaquén;bajoooo
3044;Paola Castro;60;Otro;Usaquén;ALTO
3045;Norbey Martínez;53;No binario;subaa;MEDIO
3046;Mauricio Murillo;31;;USAQUEN;bajo
3047;CARLOS SALAS;;Femenino;Kennedyy;bajo
3048;Antonio Acosta;35;No binario;usaquen;Bajooo
3049;Jhon González;40;No binario;Usaquén ;Altoo
3050;José Córdoba;;Masculino;USAQUEN;Bajooo
3051;Santiago Pérez;24;Masculino; Suba;Bajo
3052;luz ruiz;58;Masculino;Engativá ;Bajo
3053;Henry Hernández;31;No binario;USAQUEN;medio
3054;ClaudiaOrtiz;69;Masculino;SUBA;bajoooo
3055;Mireya Barreto;36;Femenino;;BAJO
3056;maritza gutiérrez;71;Masculino;subaa;Medio
3057;AndrésRubio;71;Masculino;Usaquén;Bajooo
3058;José Castañeda;34;Femenino;Engativá ;
3059;Rosa López;68;Masculino;KENNEDY;Medioo
3060;Alfonso Ríos;60;Femenino;SUBA;MEDIO
3061;Alfredo Niño;20;Masculino;chapinero;MEDIO
3062;Manuel Suárez;53;Otro;;Medio
3063;Manuel Pacheco;25;Masculino;subaa;bajoooo
3064;Diana Murillo;21;No binario;USAQUEN;MEDIO
3065;Armando Rodríguez;;Otro;ENGATIVA;medio
3066;José Arias;60;Otro;subaa;Bajo
3067;Dolly Herrera;34;No binario;;bajo
3068;Emilio López;57;Femenino;ENGATIVA;Medio
3069;;32;No binario;Engativá;MEDIO
3070;Lucía Torres;33;Masculino;kennedy;alto
3071;Liliana Triana;38;Masculino;USAQUEN;
3072;David Serrano;47;No binario;KENNEDY;Medioo
3073;Andrés Contreras;18;Femenino;Suba;
3074;Luis Tovar;18;No binario;CHAPINERO;bajoooo
3075;Martha Cruz;30;Masculino;Suba;Medio
3076;Ana Figueroa;71;Masculino;Chapinero;Medio
3077;Martín Acosta;69;No binario;CHAPINERO;alto
3078;Mercedes Morales;44;Otro;CHAPINEROOO;Medio
3079;Víctor Naranjo;64;Femenino;Usaquén;ALTO
3080;Juan Cabrera;43;Femenino;Suba;Medioo
3081;Flor Blanco;47;Otro;Kennedy;medio
3082;  María  Aguilar  ;68;Otro;ENGATIVA;alto
3083;Inés Zuluaga;60;No binario;usaquen;bajo
3084;Isabel Torres;66;No binario;Usaquén;bajoooo
3085;Carmen Hernández;32;No binario;Suba;Medio
3086;Ana Barrios;69;Femenino;engativa;Bajooo
3087;Julián García;62;Masculino;USAQUEN;alto
3088;Iván Uribe;;Femenino;Kennedy;Medio
3089;María González;65;Femenino;Kennedy;alto
3090;WilliamMolina;42;Masculino;Engativá;Altoo
3091;Luz González;23;No binario;Engativá;medio
3092;Johana Martínez;67;Masculino;Engativá;Bajo
3093;Enrique Gallego;59;Otro;ENGATIVA;Medioo
3094;Julio Villegas;63;No binario;chapinero;bajo
3095;Adriana Galeano;25;No binario;CHAPINERO;Bajooo
3096;Rosa Romero;64;Femenino;Engativá;MEDIO
3097;Andrea Sanabria;;Masculino;ENGATIVA;Medio
3098;LIBARDO NÚÑEZ;63;Masculino;Engativá ;Medio
3099;Doris Pérez;50;Masculino;subaa;Bajo
3100;josé padilla;60;Femenino;Usaquén ;MEDIO
3101;Olga Jaramillo;69;Masculino;Kennedyy;Medioo
3102;Diana Escobar;72;Femenino;Kennedyy;BAJO
3103;María Rojas;33;No binario;kennedy;Medio
3104;Liliana Castro;68;Femenino;usaquen;
3105;RodrigoMontoya;48;Otro;engativa;alto
3106;ABEL LÓPEZ;42;Femenino; Suba;Medioo
3107;Fernanda Mora;62;Otro;CHAPINERO;Medio
3108;Camilo Morales;43;Femenino;Usaquén ;Medio
3109;JuanMendoza;40;No binario;CHAPINERO;Altoo
3110;Aníbal Díaz;49;Otro;Engativá;alto
3111;Maritza Rivera;61;Masculino;chapinero;medio
3112;;45;Otro;subaa;Medio
3113;Fernanda Torres;64;Femenino;Chapinero;bajoooo
3114;Martha Bustamante;50;Femenino;kennedy;medio
3115;Paola González;69;No binario; Suba;Medio
3116;Marcela Castellanos;40;Otro;Kennedy;medio
3117;DIEGO VELÁSQUEZ;19;Femenino;usaquen;Medio
3118;María Valencia;62;Femenino;Usaquén ;Medioo
3119;Martha Gutiérrez;61;Masculino;Engativá;Medio
3120;Alberto Álvarez;63;No binario;chapinero;Bajo
3121;JeissonMarín;26;Masculino; Suba;ALTO
3122;Luis Gutiérrez;74;Otro;subaa;bajo
3123;Guillermo Díaz;27;Masculino;Suba;ALTO
3124;patricia sepúlveda;68;No binario;SUBA;BAJO
3125;;18;Otro;Engativá;Bajooo
3126;Damaris Duarte;18;;USAQUEN;bajoooo
3127;GLORIA MOLANO;24;Otro;Engativá ;Alto
3128;Nathalia López;25;Otro;Kennedyy;Bajooo
3129;Betty Navarro;64;Femenino;CHAPINEROOO;bajoooo
3130;Andrea Sánchez;60;Masculino;kennedy;medio
3131;Yenny Vega;35;Otro;ENGATIVA;bajoooo
3132;Diana Velandia;20;Masculino;Usaquén ;bajoooo
3133;Bryan Martínez;47;Femenino;CHAPINERO;medio
3134;Hermes Quintero;19;Otro;kennedy;MEDIO
3135;;48;No binario;USAQUEN;Alto
3136;Juan Arroyo;62;Otro;engativa;Alto
3137;Paola Velasco;44;No binario;Kennedyy;Medio
3138;  Daniel  Castro  ;55;Femenino;;bajoooo
3139;Alejandro Murillo;34;Masculino;ENGATIVA;
3140;Luisa Angulo;51;Masculino;Suba;alto
3141;  Jorge  Castillo  ;31;No binario; Suba;medio
3142;Delia Agudelo;50;Femenino;;medio
3143;Karina Ramos;65;No binario;Kennedyy;Medio
3144;Yaneth Solano;21;Femenino;SUBA;MEDIO
3145;Sandra Vargas;41;No binario;Suba;Altoo
3146;Deicy Méndez;43;Masculino;KENNEDY;
3147;;55;Otro;Usaquén ;alto
3148;Marcela López;25;Masculino;KENNEDY;Alto
3149;luz garcía;39;Femenino;subaa;Medioo
3150;Javier Cardozo;64;Otro; Suba;Medioo
3151;Jenny Duarte;73;Masculino;Kennedyy;Medioo
3152;Lucía Trujillo;46;Femenino;SUBA;alto
3153;Diana García;51;Femenino;Usaquén;ALTO
3154;César Castañeda;24;No binario;ENGATIVA;alto
3155;  Dario  Ramírez  ;59;No binario;chapinero;Alto
3156;  Alexander  Rincón  ;38;Femenino;Engativá ;Medioo
3157;Lina Herrera;67;Femenino;Kennedy;alto
3158;Humberto Vásquez;33;Otro;USAQUEN;Alto
3159;Felix Gómez;26;No binario;USAQUEN;Medioo
3160;GabrielaCeballos;40;Otro;Usaquén;Alto
3161;Jenny Álvarez;22;Otro;engativa;Altoo
3162;Leonor Cruz;24;Femenino;Kennedyy;alto
3163;María Velásquez;18;Otro;;Medio
3164;  Humberto  Suárez  ;52;Masculino;USAQUEN;MEDIO
3165;Camilo Rincón;;Otro;Usaquén ;Bajo
3166;Marcela Becerra;45;;kennedy;alto
3167;Emilce González;26;Femenino;Kennedyy;alto
3168;JavierDurán;62;Femenino;ENGATIVA;Alto
3169;Manuel Córdoba;19;Femenino;KENNEDY;bajoooo
3170;Delia Ordóñez;56;;subaa;
3171;José Giraldo;29;;chapinero;Medioo
3172;Mirian Domínguez;28;No binario;Engativá;bajo
3173;David Romero;55;Masculino;CHAPINEROOO;Bajooo
3174;Bryan Ruiz;72;Masculino;CHAPINEROOO;Bajooo
3175;MARÍA GÓMEZ;74;Femenino;subaa;Alto
3176;FREDY ROMERO;53;No binario;kennedy;Bajo
3177;  Jairo  Rodríguez  ;51;Masculino;CHAPINEROOO;Medioo
3178;Adolfo Herrera;63;Otro;usaquen;Bajo
3179;Diana Herrera;19;Otro;usaquen;bajoooo
3180;Edith Romero;47;No binario;kennedy;medio
3181;;56;Otro;subaa;Bajo
3182;ALEXANDER VARGAS;50;No binario;Kennedy;Alto
3183;JESÚS VEGA;50;Femenino;Engativá;Altoo
3184;steven martínez;;No binario; Suba;Bajo
3185;Viviana Quintero;50;;ENGATIVA;medio
3186;María Valencia;22;Femenino;CHAPINEROOO;BAJO
3187;Miryam Alvarado;41;Otro;ENGATIVA;Medio
3188;CARLOS GALEANO;61;Masculino;Chapinero;Medio
3189;Mónica Vélez;61;Masculino;Usaquén;alto
3190;Juan Rengifo;36;Femenino;kennedy;ALTO
3191;Myriam Giraldo;59;No binario;Usaquén;Medio
3192;Carlos Montes;18;No binario;Suba;ALTO
3193;Diana Gil;;Otro;KENNEDY;alto
3194;Mary Mora;57;Masculino;;Medioo
3195;Sebastián Herrera;68;Otro;Usaquén ;Medioo
3196;David Morales;46;Otro;CHAPINEROOO;Bajooo
3197;Shirley Zapata;34;Femenino;Engativá;Medio
3198;Edgar Mesa;20;Otro;chapinero;Altoo
3199;Héctor Lozano;68;No binario;Kennedyy;MEDIO
3200;Alexandra Gómez;18;Otro;Engativá;medio
3201;Darío Castillo;51;No binario;Engativá;Medioo
3202;Lorena Villamizar;70;No binario;Usaquén;medio
3203;Andrea Meza;54;Femenino;engativa;bajoooo
3204;Diana Quintero;24;Masculino;Usaquén;MEDIO
3205;Patricia Meneses;52;No binario;Kennedyy;ALTO
3206;Linda Rojas;33;No binario;chapinero;alto
3207;William Arango;62;Masculino;Usaquén;Alto
3208;Karen Cifuentes;57;No binario;Kennedy;
3209;Karol Montoya;70;No binario;kennedy;ALTO
3210;Alejandra Castillo;69;Otro;kennedy;BAJO
3211;Antonio Cárdenas;47;No binario;usaquen;Altoo
3212;CRISTIAN DÍAZ;47;Otro;usaquen;Alto
3213;María Narváez;73;No binario; Suba;Medioo
3214;Nelson Escobar;48;Otro;usaquen;Altoo
3215;FERNANDA BURGOS;25;Femenino;KENNEDY;bajo
3216;Jairo Correa;;No binario;subaa;Medio
3217;Ramón Lozano;75;Masculino;usaquen;MEDIO
3218;David Solano;45;Otro;Engativá;Bajooo
3219;Bibiana Ospina;62;Masculino;subaa;
3220;Antonio Guzmán;73;Femenino;Usaquén;Alto
3221;Juliana Sánchez;21;No binario;CHAPINEROOO;alto
3222;Milena Duque;44;Femenino;subaa;bajoooo
3223;Karen Mejía;24;Masculino;Chapinero;Alto
3224;Yolanda Serrano;21;No binario;USAQUEN;MEDIO
3225;Patricia Ramírez;45;Otro;Chapinero;MEDIO
3226;  Jessica  Bravo  ;28;No binario;Usaquén;bajoooo
3227;Jorge Muñoz;63;Otro; Suba;ALTO
3228;Alberto Parra;20;Masculino;CHAPINERO;Alto
3229;Martha Ramírez;47;Femenino;CHAPINEROOO;bajo
3230;Esther Niño;36;No binario;SUBA;Alto
3231;Jimena Velásquez;39;Femenino;ENGATIVA;ALTO
3232;ShirleyJaimes;48;Femenino;subaa;ALTO
3233;;52;Femenino;engativa;Altoo
3234;María Pérez;48;No binario;Kennedy;medio
3235;Marcela Muñoz;34;Otro;KENNEDY;Bajo
3236;Ricardo Navarro;58;Femenino;engativa;Altoo
3237;Gloria Melo;28;Masculino;Kennedy;bajoooo
3238;Edilberto Reyes;68;Femenino;subaa;medio
3239;María Estrada;48;Masculino;KENNEDY;Altoo
3240;Ana Agudelo;32;Otro;Chapinero;BAJO
3241;Arturo Galeano;60;Femenino;CHAPINEROOO;Medio
3242;  Silvia  Morales  ;39;No binario;subaa;
3243;Alexander López;61;Otro;KENNEDY;BAJO
3244;Vicente Vanegas;44;;Usaquén ;Medio
3245;Isabel González;33;Masculino;CHAPINERO;MEDIO
3246;Felipe Saavedra;52;Otro;Kennedyy;MEDIO
3247;JOSÉ SALCEDO;19;Otro;chapinero;Altoo
3248;Bernardo Montenegro;;No binario; Suba;Medio
3249;Tatiana Loaiza;45;Otro;KENNEDY;BAJO
3250;Leidy González;57;Otro;;alto
3251;Mario Valencia;63;No binario; Suba;BAJO
3252;Juan Giraldo;28;Femenino;engativa;Bajo
3253;César Moreno;59;Femenino;Engativá;bajoooo
3254;DEISY SÁNCHEZ;29;Otro;USAQUEN;Bajo
3255;CarolinaManrique;26;No binario;usaquen;Bajo
3256;Estella Muñoz;21;Otro;CHAPINERO;Medio
3257;Juan Rincón;36;;KENNEDY;Altoo
3258;Janeth Núñez;68;;CHAPINEROOO;Medio
3259;Valentina Salazar;71;Otro;Usaquén ;Bajo
3260;Manuel Corredor;56;Masculino;CHAPINERO;bajoooo
3261;FabioCuesta;56;Masculino;USAQUEN;ALTO
3262;Juliana Becerra;41;Femenino;Kennedyy;Alto
3263;Armando Rodríguez;29;Otro;Suba;Alto
3264;  Didier  Calderón  ;62;Masculino;Usaquén;Medioo
3265;Héctor Durán;51;Masculino; Suba;Medioo
3266;Walter Barrios;28;Masculino;KENNEDY;Alto
3267;Fabián Moreno;53;Femenino;Kennedy;Bajooo
3268;Luis Álvarez;37;Masculino;Engativá;
3269;Richard Morales;23;No binario;Usaquén ;Bajo
3270;John González;19;Femenino;usaquen;Bajooo
3271;Arturo Zuluaga;51;No binario;SUBA;Altoo
3272;Yulieth Chávez;47;Masculino;chapinero;Bajo
3273;Ingrid Mantilla;50;Masculino;Usaquén;ALTO
3274;Rocío López;30;No binario;chapinero;Bajooo
3275;ArmandoMoreno;56;No binario;Kennedyy;ALTO
3276;Laura Naranjo;47;No binario;Usaquén ;Bajo
3277;Albeiro Barrera;22;Masculino;chapinero;bajo
3278;Fabio Castañeda;43;No binario;kennedy;MEDIO
3279;Mariana Gómez;47;Masculino;SUBA;MEDIO
3280;Arturo Bravo;62;Otro;Usaquén ;bajoooo
3281;Walter Ortega;67;No binario;chapinero;MEDIO
3282;Rosario Sepúlveda;49;Femenino;SUBA;Medioo
3283;  Óscar  Pardo  ;52;;CHAPINERO;medio
3284;Leonardo Bravo;69;No binario;usaquen;bajo
3285;JHON MORA;32;Otro;CHAPINEROOO;medio
3286;dayana agudelo;37;;usaquen;Medio
3287;  John  Daza  ;37;No binario;Engativá;Bajooo
3288;Marlene Rodríguez;73;No binario; Suba;Bajooo
3289;LuzBedoya;39;Otro;engativa;Alto
3290;Fernando Mercado;50;Femenino;Engativá;Altoo
3291;Marcela Castillo;35;Otro;Usaquén ;bajoooo
3292;Antonio Álvarez;;Masculino;Engativá;Bajooo
3293;ana sánchez;27;No binario;SUBA;alto
3294;JOSÉ TAMAYO;67;Femenino; Suba;bajoooo
3295;Álvaro Castellanos;38;No binario;;bajo
3296;Edgar Duque;23;Otro;Suba;Bajooo
3297;Dario Ruiz;66;Masculino; Suba;MEDIO
3298;Ivonne Galvis;70;Masculino;CHAPINEROOO;Medioo
3299;Beatriz Pacheco;63;Femenino;engativa;Medioo
3300;Pablo Vera;26;No binario;engativa;Alto
3301;  Alejandra  Peña  ;;;Engativá;medio
3302;Rosa Pardo;68;Otro;CHAPINERO;Medio
3303;Danilo Loaiza;70;Otro; Suba;ALTO
3304;Lorena Erazo;21;Masculino;Suba;ALTO
3305;Harold Jaimes;43;Femenino;usaquen;Altoo
3306;Antonio Fajardo;23;Otro;CHAPINERO;bajoooo
3307;Roger Ramírez;75;Femenino;kennedy;ALTO
3308;Diego Pérez;53;Femenino;Kennedy;bajoooo
3309;Yenny Osorio;48;Masculino;kennedy;ALTO
3310;BEATRIZ LÓPEZ;47;Otro;Chapinero;Medioo
3311;Aura Erazo;37;Otro;Engativá;Medioo
3312;Paola Pinzón;47;Otro;USAQUEN;medio
3313;Edilma Villegas;51;Otro;CHAPINEROOO;ALTO
3314;Valeria Gil;71;No binario;Usaquén;MEDIO
3315;Paola Forero;29;Masculino;kennedy;MEDIO
3316;Liliana Prieto;54;Masculino;ENGATIVA;Bajo
3317;Julio Gutiérrez;71;Femenino;engativa;Bajooo
3318;Candelaria Hernández;26;Masculino;chapinero;ALTO
3319;Esteban Carvajal;71;No binario;CHAPINERO;Altoo
3320;Ancizar Gutiérrez;44;No binario;KENNEDY;Bajo
3321;Javier Guerrero;20;Femenino;usaquen;alto
3322;Maribel Sánchez;52;No binario;CHAPINEROOO;bajoooo
3323;Nancy Muñoz;73;Otro;subaa;medio
3324;David Fajardo;56;Masculino;KENNEDY;medio
3325;ElianaDuque;20;Otro;Kennedy;Bajooo
3326;Dolores Rodríguez;32;Femenino;ENGATIVA;BAJO
3327;Marcela Ruiz;46;Masculino;Usaquén;medio
3328;Jhon Pacheco;20;Femenino;Engativá ;Alto
3329;Alejandro Toro;48;Femenino;kennedy;Altoo
3330;Felipe Muñoz;;Otro;chapinero;Altoo
3331;Diana Martínez;49;Femenino;Kennedy;bajoooo
3332;  Nelly  Moreno  ;51;Femenino;CHAPINERO;Alto
3333;Ferney Orjuela;20;Femenino;Usaquén;
3334;Samuel Parada;34;Masculino;subaa;
3335;Juan Zambrano;61;Femenino;engativa;Altoo
3336;maría muñoz;75;Masculino;CHAPINERO;Medioo
3337;David Suárez;66;Masculino;Engativá ;Bajooo
3338;Dary Arias;42;Otro;Kennedy;medio
3339;Willian Velásquez;57;No binario;Usaquén ;Alto
3340;Carlos Muñoz;56;Otro;usaquen;Alto
3341;José Granados;54;;Kennedyy;medio
3342;Henry Hernández;31;Masculino;Chapinero;Medio
3343;Yolanda Contreras;61;Otro;Engativá;ALTO
3344;Isabel González;45;No binario;Usaquén;medio
3345;María Hernández;23;No binario;kennedy;ALTO
3346;Alfredo Palacio;;Femenino;SUBA;Alto
3347;César Carmona;33;No binario;KENNEDY;Bajooo
3348;Amparo Pardo;56;Femenino;engativa;ALTO
3349;David Castellanos;59;Masculino; Suba;Bajo
3350;Lina Álvarez;60;No binario;ENGATIVA;bajo
3351;Stiven Ruiz;42;No binario;CHAPINEROOO;ALTO
3352;Johnny Cabrera;54;Masculino;ENGATIVA;
3353;lucía márquez;37;No binario;Chapinero;bajo
3354;Alexander Bautista;37;No binario;kennedy;alto
3355;Luz Sánchez;57;Otro;Engativá ;Altoo
3356;Ángela Gómez;49;No binario;engativa;MEDIO
3357;Beatriz Rueda;70;Otro;KENNEDY;BAJO
3358;Shirley Barragán;32;Masculino;Usaquén ;Medioo
3359;Edison Gómez;23;No binario;USAQUEN;medio
3360;Edith Blanco;50;No binario;usaquen;Medioo
3361;Leydi Rincón;50;Femenino;Usaquén;Bajo
3362;Edgar Gaviria;61;No binario;CHAPINEROOO;bajo
3363;Paola López;51;Otro;Suba;Medio
3364;Gabriel Díaz;50;Masculino;Usaquén;BAJO
3365;Claudia Palacios;75;Masculino;ENGATIVA;BAJO
3366;Luisa Naranjo;60;Masculino;CHAPINEROOO;Altoo
3367;Juan Orozco;54;No binario;engativa;Bajooo
3368;Jhonny Silva;58;Masculino;USAQUEN;MEDIO
3369;Carlos Guerrero;72;No binario;;MEDIO
3370;Ana Solano;19;Otro;SUBA;MEDIO
3371;;74;;USAQUEN;medio
3372;Javier Murcia;53;Masculino;Kennedyy;Medioo
3373;María Carrillo;64;Otro;KENNEDY;ALTO
3374;Manuel Medina;44;Masculino;SUBA;Bajo
3375;Juan Angarita;27;Femenino;kennedy;Altoo
3376;Fredy Sánchez;;Masculino;Engativá;Medioo
3377;Ana Serrano;30;Otro;Kennedy;Altoo
3378;AlexanderCárdenas;70;Masculino;SUBA;MEDIO
3379;Edward Hurtado;34;No binario;Engativá;Alto
3380;María Manrique;64;;Usaquén;Medioo
3381;Alexander Angarita;38;Masculino;Suba;Bajo
3382;CAMILA ARIZA;25;Femenino;CHAPINERO;Medioo
3383;Felipe Yepes;29;No binario;Kennedy;Altoo
3384;carlos rojas;60;No binario; Suba;Medio
3385;Luz Franco;58;No binario;Usaquén;bajoooo
3386;  Paula  Martínez  ;66;Femenino;Chapinero;Bajooo
3387;Patricia Cantillo;74;Masculino;Engativá ;MEDIO
3388;Nidia Castillo;24;Femenino;KENNEDY;BAJO
3389;Gloria Alfonso;18;Otro; Suba;Alto
3390;Wilson López;45;Femenino;kennedy;bajoooo
3391;HernandoPérez;56;Masculino;Kennedyy;BAJO
3392;Julio Gutiérrez;59;No binario;chapinero;alto
3393;Alfonso Arango;56;Otro;Suba;BAJO
3394;Paola Rincón;25;Otro;ENGATIVA;bajoooo
3395;YohanaArévalo;61;No binario;Engativá;Bajooo
3396;Mercedes Duque;45;;Kennedyy;BAJO
3397;Marcela Soto;58;No binario;Usaquén;bajoooo
3398;Álvaro Molina;70;Masculino;engativa;medio
3399;Janneth Rivas;27;Otro;chapinero;bajoooo
3400;Irene Londoño;51;Otro;Engativá;Medio
3401;Deisy Tovar;27;;CHAPINERO;Altoo
3402;Edwin Ávila;41;Masculino;Kennedyy;alto
3403;katerine osorio;63;Masculino;KENNEDY;BAJO
3404;María Herrera;70;Masculino;Chapinero;MEDIO
3405;Juana Torres;62;Femenino;subaa;medio
3406;Eduardo Sánchez;37;Femenino;Suba;MEDIO
3407;ALEIDA MÉNDEZ;54;Masculino;Chapinero;Altoo
3408;Andrés Jiménez;28;Otro; Suba;Altoo
3409;Francy Fajardo;41;No binario;engativa;Bajooo
3410;Alcira Sánchez;52;No binario;Kennedy;BAJO
3411;carmen pabón;38;No binario;kennedy;MEDIO
3412;HéctorGuzmán;39;Femenino;SUBA;BAJO
3413;Elizabeth Gómez;42;Femenino;SUBA;ALTO
3414;Ana Gómez;60;No binario;Engativá;bajo
3415;Sandra Salazar;30;Femenino;Suba;Bajo
3416;Diana Durán;23;Otro;Suba;
3417;Carlos Muñoz;27;No binario;engativa;BAJO
3418;Johana García;68;No binario;Suba;bajoooo
3419;José González;68;No binario;Engativá ;medio
3420;AlexanderDíaz;31;Otro;USAQUEN;medio
3421;Rosa Medina;70;No binario; Suba;Medio
3422;Ana Pardo;63;Femenino;KENNEDY;medio
3423;Stella Fernández;32;No binario;KENNEDY;bajo
3424;  Yasmín  Camacho  ;73;Otro;subaa;
3425;Antonio Ortiz;64;Femenino;kennedy;medio
3426;Didier Bohórquez;47;;Engativá ;Altoo
3427;LilianaDíaz;46;Femenino;kennedy;Medio
3428;  Mauricio  Agudelo  ;52;Femenino; Suba;MEDIO
3429;Alfredo López;46;Otro;chapinero;bajo
3430;Andrés Rodríguez;41;No binario;Usaquén;Bajooo
3431;Martha Pérez;52;Femenino;chapinero;BAJO
3432;Paulina Aguirre;35;Masculino; Suba;Altoo
3433;GABRIEL PAZ;29;No binario;subaa;Medio
3434;Alberto Reyes;63;Femenino;usaquen;MEDIO
3435;David Quiroz;55;Otro;kennedy;ALTO
3436;Consuelo Gil;57;Femenino;chapinero;Bajooo
3437;Eduardo Medina;49;No binario; Suba;medio
3438;Angie Hernández;45;Otro;usaquen;Medio
3439;María González;53;;kennedy;Alto
3440;María Manrique;30;Masculino;SUBA;Medio
3441;HumbertoRojas;23;Masculino; Suba;BAJO
3442;Jesús Bernal;34;Femenino;usaquen;Medioo
3443;;;No binario;ENGATIVA;BAJO
3444;Nohora Pineda;;Masculino;SUBA;alto
3445;Dario Ramírez;54;Femenino;CHAPINEROOO;Medioo
3446;karen restrepo;66;Femenino;CHAPINERO;Bajo
3447;Danna Rodríguez;46;Otro;Kennedyy;Medio
3448;Claudia Sánchez;61;Femenino;SUBA;Medio
3449;Diego Corredor;24;No binario;chapinero;Alto
3450;Jhoana Estrada;;No binario;Engativá ;ALTO
3451;Juan Ramírez;66;Otro;SUBA;bajoooo
3452;Carlos Palacio;71;Otro;chapinero;Bajooo
3453;Luz Rodríguez;42;No binario;SUBA;Altoo
3454;Fernando Amaya;73;Otro;ENGATIVA;BAJO
3455;Tomás Miranda;65;Otro;CHAPINERO;medio
3456;Felipe Hurtado;63;Otro;;medio
3457;Luis Jiménez;;No binario;CHAPINERO;BAJO
3458;EmilceReyes;70;Masculino;SUBA;bajoooo
3459;Juan Ávila;41;Femenino;Kennedyy;Bajooo
3460;Javier Ayala;20;Otro;Chapinero;medio
3461;Tulia Forero;23;No binario;usaquen;bajoooo
3462;Andrés Salazar;44;Femenino;subaa;Bajooo
3463;Valentina Martínez;47;No binario;ENGATIVA;ALTO
3464;Stiven Guerrero;26;Femenino;KENNEDY;BAJO
3465;Elsy Zapata;63;Otro;Engativá;Medio
3466;Samuel Romero;48;Masculino;Kennedyy;Bajooo
3467;Jhon Rodríguez;47;No binario;chapinero;Bajo
3468;Nancy Ramírez;38;Otro;SUBA;bajo
3469;NubiaMoreno;40;Femenino;CHAPINEROOO;Bajo
3470;Marina Chávez;45;Masculino;kennedy;Medio
3471;Ruth Agudelo;64;Masculino;KENNEDY;bajo
3472;Héctor Navarro;55;Otro;Suba;bajo
3473;Carmen Jiménez;50;Otro; Suba;Bajo
3474;ALEJANDRO OLAYA;69;Otro;Chapinero;BAJO
3475;HernánSandoval;31;Otro;usaquen;bajo
3476;Felipe Rosero;67;Femenino;Usaquén ;ALTO
3477;Francisco Meza;57;Femenino;Kennedyy;
3478;Antonio Gutiérrez;50;No binario;usaquen;Medio
3479;César Soto;57;Otro;usaquen;MEDIO
3480;Carmen Ramírez;65;Masculino;CHAPINEROOO;Bajo
3481;Alberto López;72;Otro;Kennedyy;Bajo
3482;Marta Chacón;59;;Kennedyy;Bajooo
3483;Angie Rojas;70;Femenino;ENGATIVA;Bajo
3484;LuzRodríguez;55;Otro;Usaquén;alto
3485;Alonso Mosquera;;Otro;kennedy;bajoooo
3486;;30;Femenino;ENGATIVA;Alto
3487;CECILIA NIÑO;25;Masculino;Usaquén;bajoooo
3488;Kevin Gómez;51;No binario;chapinero;MEDIO
3489;  Patricia  Osorio  ;39;Otro;Suba;Medio
3490;David González;30;Femenino;usaquen;Medioo
3491;Inés Muñoz;29;Otro;Engativá ;Altoo
3492;Ruth Mosquera;39;Femenino; Suba;Bajooo
3493;Luz Monsalve;72;No binario;Usaquén ;
3494;Alba Sánchez;55;Otro; Suba;alto
3495;Eduardo Molina;33;Masculino;Engativá ;bajoooo
3496;Enrique Toro;67;Otro; Suba;Bajo
3497;Alirio Mendoza;46;Otro;subaa;medio
3498;Ester Sepúlveda;36;Masculino; Suba;BAJO
3499;Martha López;56;Masculino;;BAJO
3500;David Ocampo;36;Otro;Engativá ;BAJO
3501;Michael Bravo;45;Otro;SUBA;bajoooo
3502;María López;28;No binario;Kennedyy;Bajo
3503;fernando bohórquez;67;No binario;SUBA;bajo
3504;Emilio Sánchez;25;Femenino;SUBA;alto
3505;MARGARITA MARÍN;41;Femenino;engativa;bajoooo
3506;José Ardila;29;No binario;chapinero;Altoo
3507;Diana Jaimes;73;No binario;kennedy;Medioo
3508;MaryHernández;65;Masculino;Usaquén;Medio
3509;Gustavo Mendoza;48;Femenino;KENNEDY;bajo
3510;Marta Solano;67;Femenino;Engativá ;Medioo
3511;Esther Montes;52;Masculino;Usaquén;Altoo
3512;  Flor  Mora  ;24;Femenino;CHAPINEROOO;Bajo
3513;Andrea Arias;64;Femenino;Engativá ;Medioo
3514;Alfonso Mosquera;74;No binario;Engativá;Medioo
3515;Enrique Sánchez;46;No binario;Engativá ;ALTO
3516;Alfonso Salazar;65;; Suba;Alto
3517;Ángela Meneses;36;Femenino;Engativá ;Bajo
3518;Rosario Peña;61;No binario;Engativá ;medio
3519;Irma Melo;61;No binario;USAQUEN;Medioo
3520;William Morales;23;Otro;Kennedyy;Altoo
3521;María Sánchez;69;No binario;Kennedy;BAJO
3522;;42;Masculino;KENNEDY;BAJO
3523;María Arévalo;60;Masculino;Suba;MEDIO
3524;vicente garcía;27;Femenino;kennedy;Alto
3525;Eugenia Bejarano;49;Otro;ENGATIVA;Medio
3526;Claudia Martínez;63;Otro;CHAPINERO;BAJO
3527;Rafael Durán;69;Otro;subaa;alto
3528;Jorge Pabón;70;No binario;Chapinero;bajoooo
3529;Luz Barrera;43;No binario;usaquen;Medioo
3530;Alejandro Durán;28;Otro;usaquen;bajoooo
3531;José Jiménez;20;Femenino; Suba;BAJO
3532;MARIELA DUARTE;21;Masculino;Engativá;MEDIO
3533;Luis Suárez;;Otro;CHAPINERO;MEDIO
3534;Mauricio Chávez;30;Femenino; Suba;medio
3535;María Castro;29;Masculino;Kennedy;MEDIO
3536;Andrés Cáceres;65;Masculino;SUBA;bajoooo
3537;Diego Marín;40;Otro;Engativá ;Medioo
3538;Adriana Vásquez;63;No binario;Suba;bajo
3539;Fabián Arango;20;Masculino;SUBA;ALTO
3540;jhon murcia;22;;Kennedy;MEDIO
3541;Julio Parra;30;Masculino;subaa;Alto
3542;Elena Suárez;46;Masculino;Engativá ;Bajooo
3543;  María  Quintero  ;23;Otro;Chapinero;Alto
3544;Daniel Mena;44;Femenino;CHAPINERO;medio
3545;carmen ángel;25;;engativa;alto
3546;Amparo López;55;;Engativá;Alto
3547;Luis Guzmán;47;Femenino;CHAPINERO;Altoo
3548;Rafael Pérez;32;;usaquen;ALTO
3549;María Bautista;73;No binario;subaa;bajo
3550;juan moreno;20;Femenino;usaquen;MEDIO
3551;Iván Bonilla;65;Masculino;Usaquén;Altoo
3552;GILDARDO GONZÁLEZ;52;Otro;Kennedyy;BAJO
3553;Luz Arias;44;Femenino;;Altoo
3554;Antonio Mosquera;73;Otro;usaquen;medio
3555;Luz Bernal;47;;usaquen;Medio
3556;Carmen Jiménez;57;Femenino;KENNEDY;Medio
3557;Felipe Cárdenas;42;No binario;subaa;bajoooo
3558;Joel Cifuentes;62;Femenino;Engativá;alto
3559;Herney Ospina;23;Femenino;Engativá;bajo
3560;Kevin Méndez;19;Otro;Usaquén;ALTO
3561;Andrés Hurtado;73;Femenino;Usaquén ;bajoooo
3562;Judith Gutiérrez;42;Masculino;ENGATIVA;Bajo
3563;Julián Forero;27;Femenino;KENNEDY;Alto
3564;Javier Forero;71;No binario;Engativá;Bajooo
3565;José Vargas;19;Femenino;Chapinero;Medio
3566;Teresa Murillo;;No binario;chapinero;medio
3567;Armando Morales;40;No binario;SUBA;Altoo
3568;Diana Amaya;26;Femenino;Suba;bajoooo
3569;Pablo García;43;Masculino;subaa;bajoooo
3570;Luz Campo;54;Femenino;engativa;Medio
3571;Irene Marín;64;No binario; Suba;Medioo
3572;ElianaSilva;24;Otro; Suba;medio
3573;Juan Delgado;64;No binario;subaa;BAJO
3574;Dary Ortiz;57;Otro;USAQUEN;bajo
3575;Leticia Salazar;66;Otro;Usaquén;Medioo
3576;Carmenza Granados;45;Masculino;SUBA;Medio
3577;Josefa Quiroz;31;Masculino;Engativá;MEDIO
3578;Augusto Sánchez;43;No binario;CHAPINERO;bajoooo
3579;Carmen Amaya;56;No binario; Suba;Alto
3580;Carmen Rueda;55;Otro;CHAPINERO;Alto
3581;nelson gonzález;46;No binario;Chapinero;Medioo
3582;Fernanda Ortega;46;Masculino;SUBA;medio
3583;Mauricio Barbosa;47;Masculino;USAQUEN;alto
3584;Eliana Angarita;62;Otro;Usaquén;Alto
3585;Alberto Parra;35;Femenino;engativa;bajoooo
3586;  Paola  Córdoba  ;30;Masculino;ENGATIVA;Altoo
3587;MaríaSánchez;38;No binario;usaquen;Medioo
3588;Astrid Arroyo;21;Masculino;;medio
3589;Angie Reyes;30;Femenino;Chapinero;MEDIO
3590;Dario Sánchez;57;Masculino;Kennedy;alto
3591;Juan Martínez;38;Otro;Engativá;bajoooo
3592;KevinCampo;47;Masculino;Engativá ;alto
3593;  Fernanda  Fonseca  ;39;Otro;CHAPINEROOO;
3594;francia gonzález;63;No binario;CHAPINEROOO;bajo
3595;DorisPolo;23;Femenino;CHAPINERO;Bajooo
3596;Omaira Córdoba;39;Otro;Usaquén;Bajo
3597;Carlos Galeano;54;Masculino;KENNEDY;bajoooo
3598;  Julio  Ortega  ;34;Masculino;Chapinero;Alto
3599;óscar calderón;22;Masculino;Usaquén ;alto
3600;Cristian Mora;39;Femenino;chapinero;bajoooo
3601;MiryamCardona;56;Masculino;Engativá ;bajoooo
3602;Mayerly Gaviria;60;No binario;KENNEDY;bajoooo
3603;Camila Vera;28;Masculino;Suba;Alto
3604;Enrique Peña;25;Otro;;MEDIO
3605;Cristina Medina;54;Masculino;CHAPINEROOO;Alto
3606;;28;Masculino;USAQUEN;Alto
3607;Andrés Bustos;62;No binario;Kennedyy;Medio
3608;adolfo galvis;69;Femenino;subaa;bajoooo
3609;Jorge Gaviria;37;Masculino;Usaquén ;Alto
3610;Camilo Córdoba;;Femenino;Usaquén ;bajo
3611;Orlando Toro;67;Femenino;kennedy;ALTO
3612;Luis González;64;Otro;ENGATIVA;Medio
3613;Luis Ramírez;26;Otro;kennedy;Altoo
3614;David Escobar;37;Femenino;KENNEDY;medio
3615;Luz Jaramillo;43;Otro;kennedy;medio
3616;liliana acosta;59;Otro;Usaquén;
3617;Yesid González;41;Masculino;Kennedyy;medio
3618;segundo díaz;69;Otro;Engativá ;Medio
3619;María Mesa;55;Femenino;Engativá ;Altoo
3620;Esther Rueda;62;Masculino;CHAPINEROOO;MEDIO
3621;Sergio Marín;60;No binario;Engativá ;medio
3622;Mario Calderón;29;Femenino;subaa;bajo
3623;Mariela Gómez;33;Masculino;KENNEDY;alto
3624;  Nelson  Rodríguez  ;63;Masculino;SUBA;alto
3625;;18;Otro;KENNEDY;Altoo
3626;  Xiomara  Guerrero  ;42;No binario;Engativá;Bajo
3627;Humberto Ruiz;57;Otro;engativa;Alto
3628;Rocío González;24;Femenino;Usaquén ;bajoooo
3629;Diana Pérez;62;Masculino;;BAJO
3630;Isabel Muñoz;69;Femenino;engativa;Bajo
3631;Andrea Suárez;22;No binario;Kennedy;BAJO
3632;Julia Pérez;50;No binario;Usaquén;bajo
3633;David Valencia;58;Masculino;Engativá;Altoo
3634;María Martínez;54;Otro;USAQUEN;ALTO
3635;Sara Ruiz;70;Femenino;Usaquén ;Bajooo
3636;Jessica Valencia;31;Otro;chapinero;Medio
3637;Janeth Niño;28;Masculino;Usaquén ;Medioo
3638;Paola Ramírez;;Masculino;Chapinero;Bajooo
3639;César Orozco;61;;Engativá;BAJO
3640;Zulma Espinosa;46;Otro;Engativá;MEDIO
3641;Kelly González;30;Masculino;Kennedyy;Bajo
3642;luz restrepo;;Otro;usaquen;bajo
3643;silvia ramos;41;Masculino;USAQUEN;Bajo
3644;Julia Moreno;25;Otro;subaa;Alto
3645;Hugo Ortiz;27;Femenino;Kennedyy;Bajooo
3646;Edilberto Gil;60;No binario;Engativá;Altoo
3647;Esther Cortés;55;No binario;SUBA;bajoooo
3648;Julián Suárez;60;Femenino;Engativá;Medioo
3649;Silvia García;28;No binario;usaquen;Medioo
3650;Fernando Ramírez;50;Masculino;subaa;bajo
3651;Willian Arias;19;No binario;Usaquén;alto
3652;Alcides Ocampo;38;Femenino;Suba;MEDIO
3653;Andrés Salazar;26;;USAQUEN;Altoo
3654;  Emilio  Cárdenas  ;54;Masculino;CHAPINERO;Bajooo
3655;MaríaRestrepo;65;Masculino;chapinero;alto
3656;ÁLVARO GUTIÉRREZ;40;Otro;CHAPINERO;BAJO
3657;Miller Rodríguez;66;No binario; Suba;MEDIO
3658;Milton Ramos;59;Femenino;Suba;Bajo
3659;Juan Villa;60;;Kennedyy;Altoo
3660;Mery Romero;36;No binario;SUBA;Bajo
3661;Fernando Orozco;19;Otro;Engativá ;MEDIO
3662;José Gómez;45;Otro;SUBA;BAJO
3663;Jairo Londoño;69;;subaa;Bajo
3664;  Karen  Medina  ;21;Otro;Chapinero;Alto
3665;Paola Hernández;51;No binario;usaquen;Altoo
3666;Luis Castro;21;Femenino;Suba;medio
3667;Yohana León;55;Otro;KENNEDY;medio
3668;René Ruiz;61;Masculino;USAQUEN;bajo
3669;Manuel Herrera;42;Masculino;Suba;bajoooo
3670;Lina Gallego;19;Femenino;subaa;ALTO
3671;Nora Vargas;61;Masculino;Usaquén ;Alto
3672;Horacio Herrera;31;Otro;Engativá;Bajo
3673;AuroraCarvajal;;No binario;chapinero;Bajo
3674;maría aguirre;61;Femenino;Engativá ;medio
3675;Jorge Rodríguez;41;Otro;Usaquén ;Medio
3676;Irene Galeano;38;Otro;Kennedy;ALTO
3677;Javier Peña;38;Otro;Kennedy;Alto
3678;Johan Narváez;24;Otro;CHAPINEROOO;Alto
3679;Cristian Montoya;70;Masculino;Usaquén ;Alto
3680;FabiánBernal;;Otro;SUBA;MEDIO
3681;Ana Gómez;70;Femenino;USAQUEN;bajoooo
3682;Hernán Sandoval;49;Otro;usaquen;BAJO
3683;Javier Romero;36;Masculino;ENGATIVA;MEDIO
3684;John Niño;26;No binario;engativa;medio
3685;Edith Díaz;53;Otro;ENGATIVA;
3686;sebastián benavides;34;;engativa;bajoooo
3687;María Restrepo;66;Femenino;usaquen;medio
3688;Segundo Marín;60;Masculino;USAQUEN;alto
3689;INÉS RODRÍGUEZ;21;Femenino;KENNEDY;alto
3690;Blanca Cáceres;35;No binario;engativa;bajo
3691;Edith López;34;Otro;USAQUEN;ALTO
3692;David Suárez;47;Masculino;chapinero;medio
3693;Óscar Moreno;60;No binario; Suba;Alto
3694;Ibeth Morales;;Femenino;Kennedy;Medio
3695;Blanca Rentería;19;Otro;usaquen;Bajooo
3696;Camilo Rojas;53;Masculino;Chapinero;Alto
3697;Elena Pinto;56;No binario;USAQUEN;bajoooo
3698;  Rosalba  Polo  ;51;Femenino;Engativá ;Altoo
3699;Carlos Zapata;62;Femenino;subaa;Altoo
3700;Luis Durán;56;Femenino;engativa;Bajo
3701;CarlosCarrillo;28;Femenino;usaquen;ALTO
3702;Carlos Martínez;68;Otro;SUBA;bajoooo
3703;carmen martínez;;Femenino;subaa;alto
3704;Beatriz Jaramillo;57;Femenino;CHAPINERO;Alto
3705;Ángela Guzmán;35;Otro;Usaquén;Altoo
3706;Julio Ramírez;41;Masculino;Engativá ;Bajo
3707;;27;No binario;CHAPINEROOO;Medio
3708;Javier Ángel;40;Otro;Usaquén;bajo
3709;Jhon Lozano;67;No binario;Suba;medio
3710;JohanaLondoño;18;Masculino;Chapinero;BAJO
3711;Valeria Cuesta;;Otro;CHAPINERO;Bajo
3712;Jorge Valderrama;59;No binario;kennedy;Bajo
3713;Luz Rico;39;No binario;CHAPINERO;Medioo
3714;Karol Barragán;50;Otro;Suba;ALTO
3715;Esperanza Duarte;32;Otro;Usaquén ;alto
3716;Liceth Morales;24;No binario;chapinero;Medioo
3717;Rafael Loaiza;24;No binario;Usaquén;alto
3718;Lorena Castro;50;Otro;subaa;Medio
3719;MIREYA CARDONA;69;No binario;Engativá ;Medio
3720;María Ramírez;46;Otro;SUBA;Alto
3721;Ana Córdoba;45;Otro;Kennedyy;Alto
3722;María Daza;46;Otro;USAQUEN;alto
3723;Robert Salazar;50;Otro;KENNEDY;Bajooo
3724;Patricia Vargas;21;Femenino;CHAPINEROOO;bajo
3725;Claudia Álvarez;41;No binario;Engativá;bajo
3726;;39;Otro;Suba;Alto
3727;  Antonio  López  ;42;;Chapinero;bajoooo
3728;Geraldine Montes;59;Femenino;usaquen;bajo
3729;Juan Pineda;26;Otro;kennedy;alto
3730;Nelly Vargas;69;Masculino;Usaquén;Bajo
3731;Sandra Moreno;35;Femenino;Usaquén;Altoo
3732;Flor Martínez;60;Otro;USAQUEN;MEDIO
3733;Nelly Alzate;72;Femenino;subaa;Medio
3734;Vicente Guevara;69;Masculino;usaquen;MEDIO
3735;david cabrera;66;No binario;usaquen;MEDIO
3736;Antonio Escobar;24;No binario;chapinero;alto
3737;ANDREA MARTÍNEZ;31;Femenino;KENNEDY;Bajo
3738;María Álvarez;26;Masculino;usaquen;BAJO
3739;Edgar Martínez;68;Otro;usaquen;medio
3740;Carmen Villegas;;Femenino;Suba;ALTO
3741;Vanesa Suárez;68;No binario;ENGATIVA;medio
3742;Antonio Martínez;48;Masculino;Kennedy;
3743;Javier Velásquez;26;Otro;Usaquén ;Medio
3744;ELIZABETH FLÓREZ;52;Femenino; Suba;Alto
3745;Diana Espinosa;28;;kennedy;Bajo
3746;Cristina Carvajal;52;Femenino;Engativá ;BAJO
3747;Alexander Rodríguez;37;No binario;Usaquén;Altoo
3748;Kelly Rosero;23;Femenino;CHAPINERO;Bajo
3749;fabio beltrán;73;Masculino;usaquen;bajoooo
3750;Ruth Cuesta;62;Femenino;Suba;BAJO
3751;Julián Cárdenas;40;Femenino;subaa;MEDIO
3752;Teresa Ramírez;23;Otro;ENGATIVA;Medioo
3753;Sandra Hurtado;31;Otro;kennedy;BAJO
3754;Patricia Angulo;38;No binario;Suba;ALTO
3755;elena córdoba;65;Otro;Kennedyy;medio
3756;Fernando Muñoz;43;Otro; Suba;Medio
3757;Piedad Vanegas;48;Masculino;Chapinero;medio
3758;Hilda Vargas;68;Otro;Kennedy;bajo
3759;Orlando Martínez;26;Otro;KENNEDY;BAJO
3760;Mercedes Mejía;70;Otro;CHAPINEROOO;Medio
3761;Jaider Gallego;68;Femenino;engativa;Alto
3762;Mercedes Rivas;38;Masculino;Chapinero;alto
3763;Iván Sánchez;66;Otro;usaquen;Bajo
3764;Natalia Herrera;66;Masculino;engativa;
3765;Aura Rodríguez;33;Masculino;KENNEDY;medio
3766;Juan Buitrago;;Femenino;Kennedyy;
3767;Luz Palacios;61;Femenino;Kennedy;medio
3768;Fredy Andrade;40;No binario;subaa;bajoooo
3769;Rubiela Ramírez;53;Otro;Suba;Bajooo
3770;alejandra gamboa;33;Femenino;CHAPINEROOO;Bajo
3771;Julián Herrera;59;Otro;CHAPINERO;Medioo
3772;  Enrique  Vélez  ;65;Otro;USAQUEN;medio
3773;Wilder Carvajal;22;Masculino;Suba;Medio
3774;Vanessa Escobar;54;Otro;Engativá;Altoo
3775;Franklin Garzón;61;Femenino;ENGATIVA;ALTO
3776;Yuliana Pérez;63;Otro;usaquen;Bajooo
3777;Elvia Angulo;65;No binario;usaquen;ALTO
3778;María Torres;;Femenino;subaa;MEDIO
3779;  María  Torres  ;72;No binario;Usaquén ;Medio
3780;Ángela Trujillo;66;Masculino;;Bajo
3781;Daniela Galvis;39;No binario;SUBA;bajoooo
3782;Felix Quintero;48;Otro;Chapinero;BAJO
3783;Jairo Rojas;63;No binario;Engativá ;MEDIO
3784;Rosa Cerón;36;Femenino;subaa;bajo
3785;Julieth García;50;No binario;ENGATIVA;Medioo
3786;María González;44;;CHAPINERO;medio
3787;  Nancy  Ramírez  ;43;Otro;Engativá;
3788;Juan Cabrera;23;Otro;KENNEDY;ALTO
3789;María Gómez;43;Otro;Kennedy;BAJO
3790;  Alejandra  Pérez  ;20;Femenino;Kennedy;MEDIO
3791;HugoPinzón;41;Femenino;chapinero;Alto
3792;Ruth Cortés;61;Otro;Kennedy;Bajo
3793;Gloria Rodríguez;55;Femenino;kennedy;bajo
3794;Héctor Vallejo;43;Masculino;subaa;BAJO
3795;María Buitrago;56;Femenino;Chapinero;Medioo
3796;Lizeth Mesa;28;Otro;Chapinero;bajoooo
3797;Martha Rubio;28;Femenino;KENNEDY;Alto
3798;Viviana Moreno;46;Femenino;USAQUEN;Bajooo
3799;Edwin Durán;28;Masculino;usaquen;bajo
3800;Alex Rendón;34;No binario;Suba;Medio
3801;Damián Rangel;42;Masculino; Suba;MEDIO
3802;Henry Martínez;51;No binario;Kennedyy;BAJO
3803;Milena Salgado;74;;Kennedyy;MEDIO
3804;William Ramírez;69;Otro;kennedy;bajo
3805;Myriam Arias;33;Masculino;chapinero;Bajooo
3806;Alberto Rendón;68;No binario;Kennedyy;bajo
3807;Olga Gómez;23;Femenino;Chapinero;bajo
3808;David Díaz;18;Femenino;engativa;Medio
3809;Andrés Angulo;58;Femenino;USAQUEN;Medioo
3810;TERESA MARTÍNEZ;29;No binario;Usaquén;Alto
3811;William Arboleda;33;No binario;Usaquén ;Medioo
3812;HernandoBolaños;62;Masculino;ENGATIVA;bajo
3813;  Hugo  Rojas  ;37;Otro; Suba;medio
3814;Ana Ortega;64;No binario;Suba;alto
3815;Alexander Martínez;18;Femenino;CHAPINEROOO;BAJO
3816;José Espinosa;64;Masculino;kennedy;bajo
3817;Jorge Palacios;29;Femenino;Chapinero;
3818;Leticia Restrepo;34;Femenino;engativa;medio
3819;Paula Arias;20;Masculino;Suba;Medioo
3820;Jhon Becerra;75;Femenino;SUBA;Medio
3821;MAGNOLIA ORTIZ;25;No binario;subaa;ALTO
3822;Yenny Cáceres;18;Masculino; Suba;BAJO
3823;Juan Gómez;19;Masculino;USAQUEN;alto
3824;Marina Ramírez;72;;Chapinero;bajo
3825;Nelson Medina;21;Masculino;Usaquén ;
3826;Viviana Campo;44;No binario;SUBA;Bajooo
3827;Carlos Rubio;53;Femenino;subaa;alto
3828;KatherineCaicedo;32;Masculino;CHAPINEROOO;medio
3829;Marcela García;64;Femenino;Suba;MEDIO
3830;hilda romero;23;Masculino;usaquen;
3831;Juan Restrepo;22;Masculino;CHAPINEROOO;Bajooo
3832;ANTONIO OSORIO;63;No binario;Engativá;alto
3833;Nataly Parra;72;No binario;kennedy;bajo
3834;RICARDO RUIZ;68;Masculino;Kennedyy;
3835;Nidia Díaz;33;Masculino;Suba;Altoo
3836;Cristina Franco;62;No binario;Engativá ;Medioo
3837;clara garcía;65;;KENNEDY;Medio
3838;Héctor Molina;75;No binario;Usaquén;Alto
3839;Jorge Serna;40;Otro;CHAPINEROOO;alto
3840;Alirio López;21;Otro;CHAPINEROOO;MEDIO
3841;Patricia Gómez;63;Femenino;CHAPINEROOO;bajo
3842;Alejandra Ramírez;75;Masculino;usaquen;Medioo
3843;Sofía Suárez;30;Otro;USAQUEN;BAJO
3844;Víctor Carrillo;32;No binario;engativa;bajo
3845;Esperanza Rueda;60;Femenino;Kennedy;bajoooo
3846;Gallego Molano;72;Masculino;CHAPINEROOO;Medio
3847;  Alfonso  Mena  ;21;Femenino;ENGATIVA;BAJO
3848;Yeison Rodríguez;73;No binario; Suba;Alto
3849;  Karen  Pinto  ;36;Otro;Suba;alto
3850;Julián Parra;27;Masculino;usaquen;BAJO
3851;Mariana Murillo;36;Masculino;kennedy;Alto
3852;Jesús Ortega;50;Otro;Kennedyy;Bajooo
3853;José Ochoa;75;No binario;KENNEDY;MEDIO
3854;  Milena  Medina  ;31;No binario;KENNEDY;bajoooo
3855;LorenaZambrano;69;Otro;Engativá;bajo
3856;Emilia Delgado;61;Masculino;subaa;MEDIO
3857;Julián Uribe;22;;Kennedy;BAJO
3858;Daniel Restrepo;58;No binario;USAQUEN;Bajo
3859;Dario Álvarez;58;No binario;KENNEDY;ALTO
3860;Liliana Fuentes;44;No binario;Kennedyy;Altoo
3861;Jhon Rojas;49;Masculino;Chapinero;Altoo
3862;NORMA VELÁSQUEZ;24;Femenino;Kennedy;bajo
3863;JanethEscobar;66;No binario;Kennedyy;Altoo
3864;Carmen Barbosa;58;Femenino;ENGATIVA;BAJO
3865;María Arrieta;41;;ENGATIVA;Medioo
3866;Hernán Herrera;50;Femenino;Usaquén;BAJO
3867;Yuliana Duque;43;;SUBA;ALTO
3868;Lilia Patiño;40;Femenino;Usaquén ;ALTO
3869;Andrés Valencia;60;No binario;SUBA;Medioo
3870;María Serna;;No binario;Kennedyy;bajo
3871;Elkin Sánchez;64;Masculino;chapinero;ALTO
3872;felix valencia;;Femenino;CHAPINERO;Altoo
3873;FernandoAgudelo;40;No binario;ENGATIVA;Bajo
3874;Alberto Gaviria;61;No binario;;Medio
3875;AURELIO RAMÍREZ;36;Femenino;ENGATIVA;alto
3876;sara lozano;;Otro;USAQUEN;bajoooo
3877;Liliana González;43;Otro;usaquen;medio
3878;Carlos Cárdenas;39;;Engativá ;bajoooo
3879;Johan López;49;Otro;engativa;ALTO
3880;SANDRA CORTÉS;39;Otro;KENNEDY;Bajo
3881;María Barrios;28;No binario;CHAPINEROOO;Medioo
3882;Francia Díaz;74;No binario;KENNEDY;Medioo
3883;patricia corredor;60;Otro;Chapinero;BAJO
3884;Amparo Moreno;26;No binario;Usaquén ;bajoooo
3885;Alexander García;63;No binario;CHAPINERO;Medioo
3886;LUZ DELGADO;45;Masculino; Suba;Bajo
3887;Carolina Estrada;44;No binario;chapinero;MEDIO
3888;Lucy Sánchez;56;Femenino; Suba;Medio
3889;Martha Montoya;69;No binario;CHAPINERO;ALTO
3890;Ivonne García;41;Masculino;USAQUEN;alto
3891;Edward Leal;61;;chapinero;medio
3892;Carmen Rojas;61;Masculino;Engativá ;ALTO
3893;Yohana Blanco;47;No binario;subaa;bajoooo
3894;Cielo Agudelo;31;Masculino;usaquen;Altoo
3895;samuel fernández;26;Femenino;engativa;Bajo
3896;José Duque;62;Masculino;Engativá;alto
3897;Esperanza Rodríguez;47;;Chapinero;Altoo
3898;IsabelMartínez;63;Masculino;USAQUEN;MEDIO
3899;  Pilar  Arévalo  ;75;Otro;CHAPINERO;BAJO
3900;Andrés Chávez;75;Femenino;KENNEDY;Bajooo
3901;Fabio Cruz;40;Masculino;engativa;bajo
3902;Carlos Daza;52;Otro;kennedy;Medio
3903;Alexandra Rangel;37;Otro;ENGATIVA;bajoooo
3904;AIDA BERMÚDEZ;55;No binario;USAQUEN;Bajooo
3905;Alejandro Jiménez;55;;engativa;Alto
3906;David Arrieta;42;Otro;SUBA;Altoo
3907;Carolina Vargas;56;Masculino;USAQUEN;Bajo
3908;Raúl Ardila;45;Otro;Kennedy;ALTO
3909;Yineth Vallejo;22;Masculino;SUBA;ALTO
3910;RosaJaramillo;44;Otro;;Medioo
3911;Helena Monroy;74;No binario;CHAPINEROOO;BAJO
3912;Daniela Polo;60;Femenino;ENGATIVA;MEDIO
3913;ESPERANZA MÉNDEZ;21;No binario; Suba;bajoooo
3914;margarita alarcón;71;No binario;Engativá ;Medioo
3915;Jhon Camargo;44;Femenino;Engativá ;bajoooo
3916;Marina Rincón;44;Masculino;KENNEDY;bajo
3917;Jonatan Cortés;22;Otro;ENGATIVA;Alto
3918;yerson garcía;75;Otro;ENGATIVA;MEDIO
3919;Sandra Castañeda;50;No binario;Engativá;bajo
3920;  Camila  Cardona  ;34;No binario;CHAPINEROOO;bajoooo
3921;Johana Mora;26;Masculino;USAQUEN;ALTO
3922;lucero garcía;24;Masculino; Suba;bajo
3923;Jhon Zambrano;;Otro;ENGATIVA;
3924;  Mery  Cano  ;;No binario;engativa;bajoooo
3925;Guillermo Medina;56;Masculino;;Bajo
3926;María González;65;Femenino;;BAJO
3927;  Wilmer  Valencia  ;73;No binario;Usaquén ;ALTO
3928;César Reyes;25;Femenino;;MEDIO
3929;;72;Otro;Engativá ;alto
3930;Patricia Caicedo;60;Masculino;CHAPINEROOO;Medio
3931;Olga Quiroga;31;No binario;CHAPINERO;ALTO
3932;Isabel Fonseca;22;Femenino;Usaquén ;BAJO
3933;  Héctor  Pérez  ;49;Femenino;Kennedyy;Bajo
3934;María López;58;Masculino;Kennedy;ALTO
3935;Elizabeth Lozano;62;No binario;KENNEDY;Bajo
3936;Sara García;21;No binario;subaa;Alto
3937;Cristian Buitrago;36;Otro;Kennedyy;bajoooo
3938;Lucía Mosquera;33;Femenino;Engativá;BAJO
3939;Marina Gómez;54;No binario;Engativá ;medio
3940;Javier Rojas;28;No binario;KENNEDY;alto
3941;Jhon Perea;19;Femenino;kennedy;Medioo
3942;  Edwin  Bedoya  ;70;Otro;Engativá ;Medio
3943;Óscar Triana;72;Otro;;Bajo
3944;Sara Álvarez;41;No binario; Suba;bajo
3945;Luz Rodríguez;66;Femenino;Chapinero;Medioo
3946;IVÁN CASTAÑEDA;19;Masculino;Usaquén ;Bajooo
3947;Adrián Rivera;46;Femenino;;bajo
3948;Daniela López;53;Masculino;KENNEDY;Bajooo
3949;Piedad Villamil;28;Femenino;CHAPINERO;BAJO
3950;Gladys Ramírez;44;No binario;KENNEDY;Bajo
3951;Enrique Torres;69;Femenino;SUBA;bajoooo
3952;Alonso Bautista;33;Otro;Chapinero;ALTO
3953;Álvaro Pérez;53;No binario;CHAPINERO;Bajo
3954;Claudia Guerrero;52;Femenino;Suba;Medioo
3955;Sandra Valencia;26;No binario;Usaquén;Medioo
3956;LUIS DÍAZ;;Otro;Usaquén ;medio
3957;AdrianaRíos;;Masculino;Usaquén;MEDIO
3958;Samuel González;66;Otro;USAQUEN;Bajooo
3959;Fernanda Mosquera;20;Otro;Suba;bajoooo
3960;Carolina Castillo;32;Femenino;engativa;alto
3961;Valentina Giraldo;29;Masculino;KENNEDY;bajo
3962;Irma Martínez;18;Femenino;USAQUEN;Alto
3963;Víctor Bernal;70;Femenino;Kennedy;MEDIO
3964;Eliana Martínez;42;Masculino;ENGATIVA;ALTO
3965;Marina Suárez;71;Femenino;USAQUEN;
3966;Alberto Riascos;53;No binario;chapinero;
3967;  Diana  Lozano  ;62;Femenino;subaa;Alto
3968;Sneider Gaitán;74;;USAQUEN;MEDIO
3969;Carolina Bustos;24;No binario;Usaquén;medio
3970;Alberto Bejarano;26;Femenino;CHAPINERO;Alto
3971;Jhon Buitrago;69;Masculino;Kennedyy;Alto
3972;Santos Aguirre;18;No binario;Suba;alto
3973;Vanessa Acevedo;29;Otro;subaa;Bajooo
3974;Brayan Ruiz;34;Masculino;USAQUEN;medio
3975;  Hernando  Ramos  ;37;Otro; Suba;bajoooo
3976;Mary León;56;Masculino; Suba;Medio
3977;juan flórez;65;Femenino;kennedy;Medio
3978;Jorge Moreno;49;Otro;Engativá ;MEDIO
3979;;30;Femenino;KENNEDY;Bajooo
3980;JUAN OJEDA;38;No binario;USAQUEN;bajoooo
3981;Cristina Garzón;67;Femenino;Kennedyy;bajoooo
3982;Yesid Álvarez;39;Otro; Suba;alto
3983;  Jairo  Uribe  ;70;Femenino;Kennedy;Bajooo
3984;David Martínez;67;No binario;subaa;BAJO
3985;Katherine Jiménez;75;No binario;;bajoooo
3986;Lucía Ramírez;46;Femenino;Suba;bajo
3987;María Salgado;64;Otro;CHAPINEROOO;ALTO
3988;Juan Monroy;73;No binario;CHAPINERO;BAJO
3989;JAIRO VALENCIA;35;Otro;kennedy;bajoooo
3990;Yaneth Franco;33;Masculino;CHAPINERO;bajo
3991;Rafael Guzmán;27;Femenino;USAQUEN;Bajo
3992;Brandon Jaimes;52;Otro;Engativá ;MEDIO
3993;Nancy Rodríguez;30;Otro;Engativá ;MEDIO
3994;Edgar Quintero;58;No binario; Suba;MEDIO
3995;OlgaMontoya;41;Femenino;USAQUEN;alto
3996;Eliecer Vergara;33;;ENGATIVA;medio
3997;Esther Pacheco;50;Femenino;ENGATIVA;Bajo
3998;Óscar León;60;Masculino;Engativá ;bajo
3999;Nidia Ruiz;61;;Usaquén;ALTO
4000;Vanesa Rodríguez;45;Femenino;engativa;BAJO
4001;Gabriel García;39;No binario;KENNEDY;Altoo
4002;Liliana Acevedo;51;Masculino;Engativá ;ALTO
4003;ISABEL RAMÍREZ;75;;Chapinero;medio
4004;Andrea Vega;71;Masculino;ENGATIVA;Alto
4005;Álvaro Montenegro;44;No binario;USAQUEN;medio
4006;Leidy García;22;Masculino;usaquen;bajo
4007;Daniel Álvarez;65;Masculino;Engativá;Bajo
4008;Óscar Vargas;41;;Chapinero;alto
4009;GloriaVargas;46;Otro;CHAPINERO;Altoo
4010;Alexandra Cardona;54;Otro;Engativá;Altoo
4011;Fernando Ortiz;66;Femenino;;MEDIO
4012;Julio García;68;Masculino;engativa;medio
4013;Santos Castillo;70;No binario;Usaquén;Altoo
4014;Claudia Mendoza;26;Masculino;Kennedyy;Bajo
4015;José Galvis;41;Femenino;Kennedyy;Alto
4016;Rafael Fonseca;36;Femenino;ENGATIVA;bajo
4017;William Rodríguez;64;Otro;Chapinero;Bajo
4018;Nidia Márquez;36;Femenino;KENNEDY;MEDIO
4019;RafaelCáceres;66;No binario;Usaquén ;bajoooo
4020;juan sánchez;49;Masculino;SUBA;BAJO
4021;Daniel Muñoz;62;Masculino;usaquen;Bajo
4022;Juana Cárdenas;51;Otro; Suba;alto
4023;Janeth Calderón;67;No binario;Chapinero;bajo
4024;Patricia Hernández;72;No binario;Kennedy;
4025;YudySánchez;56;Femenino;Kennedy;alto
4026;Liliana Rodríguez;;Femenino;Suba;Alto
4027;José Bonilla;46;No binario;USAQUEN;Bajo
4028;Lisbeth Velandia;43;Masculino;Kennedy;alto
4029;Walter Manrique;42;Femenino; Suba;Medioo
4030;Katherine Rincón;40;Otro;ENGATIVA;alto
4031;Jorge Fernández;69;No binario;USAQUEN;Bajo
4032;Maribel Gómez;49;Otro;Usaquén ;medio
4033;Elkin Flórez;47;;Kennedyy;Bajooo
4034;CARLOS RAMÍREZ;70;Otro;subaa;Bajooo
4035;Shirley Muñoz;67;Masculino;chapinero;Bajooo
4036;Arley Camargo;21;Masculino;Suba;medio
4037;José Reyes;35;Masculino;CHAPINEROOO;alto
4038;Eduardo Benavides;47;No binario;KENNEDY;Bajooo
4039;Jesús Carmona;33;Masculino;usaquen;bajoooo
4040;Felipe Vargas;46;Masculino;ENGATIVA;medio
4041;María Guerra;27;Masculino;SUBA;Medioo
4042;Fernando Buitrago;59;Masculino;ENGATIVA;
4043;JHON FRANCO;61;Otro;chapinero;bajo
4044;Lina Cárdenas;75;Masculino;engativa;medio
4045;Manuel Muñoz;57;Otro;Suba;BAJO
4046;;64;No binario;Usaquén;Altoo
4047;alberto angarita;37;Masculino;Kennedyy;Medioo
4048;Héctor Rodríguez;53;Otro;USAQUEN;bajo
4049;Ángel Franco;49;Femenino;engativa;alto
4050;Wilmer Medina;44;Otro;subaa;bajoooo
4051;Juan Galeano;62;Femenino;SUBA;Bajo
4052;José Díaz;65;Otro;KENNEDY;Bajooo
4053;Deisy Salcedo;38;No binario;;medio
4054;Johana Suárez;;Femenino;Usaquén;Medio
4055;FIDEL NAVARRO;72;Otro;Chapinero;Alto
4056;Jenny Álvarez;62;No binario;Usaquén ;
4057;Elsa Pardo;62;Masculino;chapinero;alto
4058;Miguel López;43;Femenino;subaa;ALTO
4059;Fernando Castaño;58;Femenino;Usaquén ;Bajooo
4060;Johanna Sánchez;21;No binario; Suba;alto
4061;César Granados;43;Masculino;engativa;Alto
4062;CATALINA ÁLVAREZ;62;No binario;Kennedy;Altoo
4063;Gildardo Ayala;42;No binario;USAQUEN;bajoooo
4064;María García;58;Masculino;Engativá ;BAJO
4065;Jhon Silva;50;Masculino;Chapinero;Medio
4066;Jesús Ardila;39;Femenino;ENGATIVA;medio
4067;Carolina Rivera;53;Otro;engativa;Medio
4068;DiegoRamírez;;Otro;Chapinero;Alto
4069;Rosa Núñez;52;Otro;Kennedy;bajoooo
4070;Gina Aguilar;62;No binario;Usaquén ;Medioo
4071;Rosa Martínez;19;;Usaquén ;Medio
4072;Rosa Ochoa;55;No binario;engativa;Medioo
4073;Beatriz Pabón;39;Femenino;chapinero;BAJO
4074;Maribel Pineda;60;No binario;CHAPINEROOO;BAJO
4075;ANTONIO SALAS;42;Femenino;Engativá ;bajo
4076;claudia jiménez;68;No binario; Suba;Bajo
4077;Myriam Castro;55;Masculino;kennedy;Altoo
4078;Flor Orozco;34;Otro;Suba;Bajooo
4079;Magaly Sandoval;33;;;bajoooo
4080;Diana Martínez;18;Masculino;usaquen;
4081;César Rodríguez;;Masculino;Usaquén;ALTO
4082;Juan Ojeda;70;Masculino;Suba;Medio
4083;Diana Guzmán;44;;Engativá;BAJO
4084;María Agudelo;67;Masculino;engativa;bajo
4085;  Gildardo  Castellanos  ;69;Otro;Usaquén ;Alto
4086;León Ortega;33;Otro;engativa;alto
4087;Gladys Osorio;66;Otro; Suba;bajo
4088;Astrid Naranjo;72;Femenino;KENNEDY;Bajooo
4089;dubán ayala;20;Femenino;KENNEDY;bajo
4090;alex vergara;32;;usaquen;MEDIO
4091;Myriam Martínez;29;Femenino;KENNEDY;Altoo
4092;Maritza Valencia;25;Masculino; Suba;bajo
4093;Diana Cruz;41;Otro;SUBA;bajoooo
4094;Jhon Bonilla;29;;engativa;bajo
4095;Sergio Hernández;69;No binario;CHAPINEROOO;Bajooo
4096;ALBERTO SALAS;39;Otro;chapinero;Medioo
4097;Blanca Bermúdez;58;Masculino;Kennedy;Bajo
4098;Víctor Arias;19;Otro;Chapinero;Bajooo
4099;David Navarro;32;Femenino;USAQUEN;Medioo
4100;Linda Peña;33;Masculino;Engativá ;ALTO
4101;Liliana Rengifo;21;No binario;usaquen;alto
4102;René Guerra;24;Masculino;kennedy;BAJO
4103;María Mosquera;43;;kennedy;ALTO
4104;Luz Arévalo;32;Otro;Usaquén ;bajo
4105;camila marín;41;No binario;CHAPINEROOO;BAJO
4106;Alberto Castillo;24;Otro;Suba;BAJO
4107;David García;63;Femenino;ENGATIVA;MEDIO
4108;Yadira Montenegro;29;Masculino;USAQUEN;ALTO
4109;Jhonatan Ospino;33;Otro;SUBA;Bajooo
4110;Esteban Espitia;61;Otro;Usaquén;bajoooo
4111;FELIPE JIMÉNEZ;60;No binario;USAQUEN;medio
4112;Elena Sánchez;51;No binario;Engativá ;Medio
4113;José Córdoba;63;Otro;KENNEDY;Medio
4114;Esteban Mora;29;Otro;Usaquén;BAJO
4115;Carmen Bautista;26;Femenino;KENNEDY;bajoooo
4116;Karen Sandoval;74;No binario;SUBA;alto
4117;Luis Pulido;20;Masculino;;ALTO
4118;Claudia Marín;44;No binario;Engativá;bajoooo
4119;martha vergara;67;Masculino;ENGATIVA;alto
4120;Daniela Rojas;60;Masculino;engativa;medio
4121;Alfonso Navarro;48;Otro;KENNEDY;Bajooo
4122;Andrea Mejía;70;Masculino;engativa;Medio
4123;  Alejandro  Pérez  ;29;Otro;CHAPINERO;Bajooo
4124;Adrián Pabón;49;Otro;Kennedy;Altoo
4125;Sebastián Torres;31;Masculino;KENNEDY;Medio
4126;Rocío Acosta;58;Femenino;Chapinero;Bajooo
4127;Yesid González;20;Otro;ENGATIVA;Bajooo
4128;Marcela Lozano;48;Masculino;CHAPINEROOO;bajo
4129;Daniel López;33;Masculino;engativa;Bajooo
4130;Eduardo Bohórquez;63;Otro;subaa;Bajooo
4131;León Castañeda;;Masculino;SUBA;ALTO
4132;Alberto Franco;71;No binario;Engativá;Bajooo
4133;Leonor Becerra;56;No binario;CHAPINERO;Medioo
4134;Felipe Flórez;39;Otro;KENNEDY;Bajo
4135;JORGE LONDOÑO;39;No binario;Chapinero;Bajooo
4136;esteban montes;68;Otro;ENGATIVA;medio
4137;Inés González;69;Masculino; Suba;bajo
4138;Andrea López;66;No binario;CHAPINERO;bajoooo
4139;Jairo Cuesta;28;Otro;kennedy;medio
4140;MAURICIO GONZÁLEZ;51;Masculino;CHAPINEROOO;Medioo
4141;Aura Márquez;38;Femenino;SUBA;
4142;Estiven Escobar;62;Femenino;ENGATIVA;bajo
4143;María Martínez;;No binario;kennedy;bajoooo
4144;ANDRÉS SANABRIA;56;Otro;engativa;Medioo
4145;Edilson Ruiz;45;Otro;Kennedyy;bajo
4146;Dora Duarte;52;No binario;Engativá ;Altoo
4147;Orlando Guzmán;73;Femenino;engativa;MEDIO
4148;Alberto Torres;41;Femenino;Kennedyy;BAJO
4149;  Dary  Montoya  ;37;No binario;usaquen;bajoooo
4150;Magda Sánchez;33;Masculino;Suba;bajoooo
4151;JamesVelasco;52;No binario;engativa;ALTO
4152;Catherine Cárdenas;38;Masculino;;MEDIO
4153;Alberto Sánchez;49;Otro;Engativá ;bajo
4154;Enrique Meneses;45;No binario;USAQUEN;bajoooo
4155;Diego Carvajal;46;No binario;chapinero;Medioo
4156;natalia cerón;62;Femenino;Kennedyy;bajoooo
4157;;36;No binario;Usaquén ;Alto
4158;Paola Orjuela;58;;Engativá ;
4159;Camilo Acosta;28;Otro;KENNEDY;bajo
4160;Pablo Zapata;;Otro;Kennedyy;medio
4161;Diego Rivera;42;Femenino; Suba;MEDIO
4162;Joan Quintero;61;Otro;CHAPINERO;alto
4163;Pablo Rojas;68;No binario;Engativá ;Medioo
4164;Felipe Arrieta;48;Femenino;CHAPINEROOO;bajo
4165;Diego Martínez;42;Masculino;Kennedyy;MEDIO
4166;Wilson Díaz;41;Femenino;CHAPINEROOO;Bajo
4167;EmilceGiraldo;55;;Suba;Bajooo
4168;Erick Navarro;64;Femenino;CHAPINEROOO;Alto
4169;Gustavo Arroyo;26;Femenino;Usaquén;Altoo
4170;Luis Quintero;68;Otro;SUBA;Medioo
4171;JavierCerón;69;Femenino;Suba;Bajo
4172;Rafael Giraldo;38;Femenino;SUBA;medio
4173;Andrés Gutiérrez;48;Femenino;ENGATIVA;Medioo
4174;Jhon Ramírez;69;Otro;Usaquén;BAJO
4175;Esteban Medina;63;No binario;Kennedyy;ALTO
4176;Carmen Espinosa;;No binario;CHAPINEROOO;Alto
4177;carlos cifuentes;40;Femenino;;alto
4178;Gustavo Blanco;22;Otro;kennedy;ALTO
4179;Ester Pérez;58;Masculino;KENNEDY;MEDIO
4180;MarcelaVélez;50;No binario;Usaquén ;ALTO
4181;MargaritaSánchez;43;No binario; Suba;Medioo
4182;MarinaZambrano;62;Otro;chapinero;Bajooo
4183;Felipe Rodríguez;26;Otro;CHAPINERO;Altoo
4184;Daniel Escobar;51;Femenino;kennedy;Medio
4185;Javier Ojeda;37;No binario;CHAPINERO;
4186;Milena Quiroga;71;Otro;Usaquén;BAJO
4187;Graciela Sepúlveda;45;Masculino;CHAPINEROOO;Bajooo
4188;Robinson López;43;Otro;engativa;medio
4189;Roger Díaz;38;Masculino;subaa;alto
4190;Luz Puentes;29;Masculino;;bajoooo
4191;Jesús Vega;39;Otro;SUBA;Bajo
4192;  Danny  Pineda  ;19;Masculino;subaa;Altoo
4193;Lilia Gómez;18;Masculino;Suba;alto
4194;Daniela Reyes;32;Masculino;subaa;bajoooo
4195;EduardoPedraza;39;Masculino;kennedy;Alto
4196;JesúsRivera;54;Masculino;ENGATIVA;Altoo
4197;Eduardo Rosero;40;Masculino;CHAPINERO;Bajooo
4198;Alexander Castaño;26;Otro; Suba;Medio
4199;Wilson Bernal;40;Otro;CHAPINEROOO;alto
4200;Esperanza Arango;63;Femenino;Usaquén;ALTO
4201;Victoria González;63;Otro;kennedy;MEDIO
4202;Ana Rincón;71;Otro;;Medio
4203;ENRIQUE PALACIOS;46;No binario;KENNEDY;Medio
4204;María Córdoba;53;Masculino;kennedy;Medioo
4205;  Carlos  Castro  ;21;Otro;Engativá ;Alto
4206;Mauricio Alzate;40;Masculino;ENGATIVA;medio
4207;Gloria Ramos;66;Otro;KENNEDY;medio
4208;JorgeMejía;54;No binario;CHAPINERO;Medio
4209;Carlos López;45;;ENGATIVA;Medio
4210;Patricia Gamboa;23;Otro;usaquen;Medio
4211;William Díaz;40;Femenino;Engativá ;BAJO
4212;John Rodríguez;61;Masculino;subaa;BAJO
4213;Luis Montoya;19;Femenino;Kennedyy;bajoooo
4214;John Reyes;48;Masculino;SUBA;alto
4215;José Orozco;75;Femenino;Suba;bajo
4216;Alejandro Angulo;23;Femenino;Engativá ;Medio
4217;Paola Gallego;62;Masculino;KENNEDY;BAJO
4218;Eduar Burbano;67;No binario;engativa;MEDIO
4219;GLORIA CARVAJAL;59;Femenino;subaa;Medio
4220;  Gloria  Cortés  ;62;Femenino;Suba;bajo
4221;Francisco González;33;No binario;subaa;Bajooo
4222;Carmen Rojas;50;Masculino;USAQUEN;MEDIO
4223;Cecilia Londoño;36;Femenino;USAQUEN;Medioo
4224;HERNANDO GÓMEZ;40;No binario;ENGATIVA;BAJO
4225;Edilson Mora;61;No binario;subaa;bajo
4226;JulianaVásquez;25;Femenino;SUBA;Bajo
4227;Deisy Garcés;53;Femenino;Suba;Altoo
4228;María Suárez;50;;usaquen;Bajo
4229;Gregorio Delgado;73;Femenino;Kennedyy;bajoooo
4230;JULIÁN NAVARRO;67;Femenino;kennedy;bajoooo
4231;Mabel Escobar;38;Masculino;;Bajooo
4232;;29;No binario;USAQUEN;Alto
4233;Jhon Guzmán;27;No binario;Kennedyy;bajoooo
4234;Yamid Romero;27;No binario;Suba;Altoo
4235;AndrésRojas;22;Otro;Usaquén ;Medioo
4236;Diana Fonseca;43;Masculino;Kennedyy;bajoooo
4237;Leidy Díaz;44;Masculino;chapinero;Medio
4238;Karen Roa;28;Masculino;CHAPINERO;bajo
4239;René Agudelo;35;Masculino;Chapinero;Alto
4240;FERNANDA MOSQUERA;65;Femenino;Usaquén;alto
4241;Carmen Trujillo;36;Otro;subaa;ALTO
4242;Patricia Muñoz;32;Femenino;Usaquén ;Alto
4243;Nidia Rentería;54;Femenino;Usaquén ;Medio
4244;Pilar García;53;Otro;engativa;alto
4245;Johana Salazar;41;No binario;Usaquén;alto
4246;Jhon Lozano;35;Femenino;Kennedyy;bajo
4247;Patricia Ardila;59;Masculino;Usaquén ;MEDIO
4248;YersonBenavides;49;Masculino;Usaquén;Medio
4249;elena arias;22;Otro; Suba;
4250;Alexander Fonseca;41;No binario;Suba;BAJO
4251;ALBERTO GUERRERO;30;Femenino;Chapinero;Bajooo
4252;  Lucía  Ángel  ;21;Femenino;ENGATIVA;Alto
4253;Bibiana Rodríguez;32;Masculino;kennedy;bajo
4254;ALBERTO GARCÍA;46;Otro;usaquen;Altoo
4255;Carmen González;19;Masculino;;bajoooo
4256;Luis Martínez;58;No binario;engativa;Medio
4257;Jorge Morales;34;Masculino;CHAPINEROOO;MEDIO
4258;Nelly Castro;21;Otro;Chapinero;Medioo
4259;  Gabriel  Torres  ;46;Masculino;KENNEDY;medio
4260;María Rivera;63;No binario;engativa;Medio
4261;Eder Rivera;57;Masculino;kennedy;Medio
4262;sandra velandia;25;Otro;usaquen;BAJO
4263;Gloria Padilla;74;No binario;Engativá;bajo
4264;Viviana Pinto;71;Otro;Chapinero;Bajooo
4265;Janneth Contreras;59;Otro;Chapinero;Bajo
4266;Diego Leal;49;Masculino;ENGATIVA;alto
4267;luis calderón;46;Femenino; Suba;alto
4268;  Yesid  Pérez  ;38;No binario;Engativá ;Bajo
4269;GONZALO GIRALDO;59;Otro;Kennedy;ALTO
4270;Johanna Villamizar;70;Otro;Engativá ;bajo
4271;Willian Contreras;60;Masculino;usaquen;medio
4272;Juan Gaitán;45;Femenino;Usaquén;BAJO
4273;VIRGINIA HERNÁNDEZ;50;Masculino;Kennedyy;Medio
4274;María Molina;35;No binario;Kennedy;Altoo
4275;Lucía Hernández;66;Masculino;usaquen;bajoooo
4276;;38;Otro;chapinero;alto
4277;Lizeth Galvis;59;Femenino;Chapinero;MEDIO
4278;Luz Bonilla;52;Otro;ENGATIVA;MEDIO
4279;Aldemar Toro;35;Otro;usaquen;medio
4280;Tatiana León;62;No binario;Kennedyy;Medio
4281;Camilo Díaz;71;Femenino;SUBA;bajoooo
4282;Emerson Vera;31;Masculino;Suba;Medioo
4283;José Castro;59;;CHAPINEROOO;bajoooo
4284;Yadira Ibarra;56;Femenino; Suba;ALTO
4285;Alonso Aguilar;31;Femenino;Engativá ;Medio
4286;Viviana Andrade;69;No binario;SUBA;Medioo
4287;Michael Parra;65;No binario;chapinero;Medio
4288;Eugenia López;55;Femenino;Kennedy;Alto
4289;Ana Ariza;42;Femenino;chapinero;bajoooo
4290;Danilo Pérez;29;Masculino;usaquen;BAJO
4291;Luz Villamizar;30;Otro;CHAPINERO;BAJO
4292;Luis Rincón;37;Masculino;CHAPINEROOO;Medioo
4293;Omar Burgos;59;Masculino;Kennedyy;bajoooo
4294;Estela Palacios;54;Otro;Chapinero;Medioo
4295;Miguel Acosta;53;Femenino;CHAPINEROOO;medio
4296;José Bolívar;64;No binario;Engativá;Alto
4297;Sergio Benavides;74;Femenino;Usaquén;medio
4298;Mariana Garzón;20;Otro;KENNEDY;MEDIO
4299;Emilio Cano;74;Femenino;Kennedy;Alto
4300;Alejandro Narváez;51;No binario;KENNEDY;Medioo
4301;césar vargas;51;No binario;chapinero;Alto
4302;Jairo Angarita;70;Femenino;Usaquén;Medioo
4303;Armando Rangel;41;Femenino;subaa;BAJO
4304;Andrés León;67;Masculino;usaquen;medio
4305;Alberto Alfonso;24;Femenino;usaquen;Bajooo
4306;Javier Nieto;19;No binario;Chapinero;
4307;José Torres;50;Femenino;kennedy;alto
4308;Ana Villa;69;Femenino;Usaquén ;Alto
4309;José Cantillo;55;Femenino; Suba;bajoooo
4310;DEISY RIVERA;67;Otro;CHAPINERO;Bajo
4311;KatherineGonzález;61;Masculino;ENGATIVA;bajo
4312;Arley Vargas;63;Masculino;KENNEDY;ALTO
4313;Andrés Castañeda;64;Femenino;Usaquén;medio
4314;Paola Jiménez;;No binario;chapinero;
4315;Margarita Rojas;21;Otro;engativa;Bajo
4316;Jairo Jaramillo;71;Otro;Engativá ;medio
4317;Marina Suárez;38;No binario;Kennedy;Medioo
4318;Milton Franco;69;No binario;Suba;medio
4319;Augusto Gómez;20;No binario;Kennedyy;
4320;Gladis Garzón;18;Masculino;Engativá ;Altoo
4321;Anyi Mosquera;45;No binario;kennedy;ALTO
4322;David Valencia;38;Otro;engativa;alto
4323;Sonia Rodríguez;18;Femenino;ENGATIVA;Altoo
4324;Adolfo Díaz;20;Masculino;usaquen;Medio
4325;SoniaLópez;52;No binario;;BAJO
4326;Amelia García;37;Masculino;Chapinero;BAJO
4327;José Sánchez;72;No binario;chapinero;MEDIO
4328;Paola Reyes;19;Femenino;ENGATIVA;bajoooo
4329;LUCÍA HOYOS;51;;Usaquén ;Medio
4330;lorena medina;24;No binario;engativa;alto
4331;Karen Osorio;37;Otro;subaa;Medio
4332;Rosa Arrieta;61;No binario;ENGATIVA;Altoo
4333;sandra mendoza;75;Femenino;Suba;Bajooo
4334;  Pedro  Pérez  ;42;Otro;usaquen;Bajooo
4335;Sonia Mejía;56;Femenino;USAQUEN;alto
4336;  Clara  Polo  ;22;Femenino;Kennedy;ALTO
4337;Alejandra Díaz;63;Femenino;subaa;bajoooo
4338;MARÍA MEDINA;71;Otro;;
4339;Mauricio Galeano;73;No binario;KENNEDY;ALTO
4340;Cecilia Ramírez;49;No binario;SUBA;alto
4341;Yina Vergara;72;Femenino;Usaquén;BAJO
4342;Mónica Salazar;72;Masculino;kennedy;BAJO
4343;Luis Vera;62;Masculino;Engativá;Medioo
4344;Alejandro Valencia;34;Femenino;Engativá ;medio
4345;Cristian Nieto;40;No binario;Suba;
4346;José Salgado;31;No binario;USAQUEN;Altoo
4347;Santiago Giraldo;25;Otro;subaa;Bajo
4348;Martha González;19;Otro;USAQUEN;BAJO
4349;María Sánchez;57;Otro;Usaquén ;Bajooo
4350;José Castañeda;35;Otro;Usaquén ;alto
4351;Leidy Buitrago;61;Femenino;usaquen;Bajo
4352;Flor Obando;;Otro;Chapinero;Alto
4353;Felipe Mejía;58;Femenino;KENNEDY;MEDIO
4354;Nancy Reyes;53;Otro;CHAPINEROOO;alto
4355;Cristian Vargas;;No binario;kennedy;alto
4356;Lucía Palacios;37;Femenino;Kennedyy;Altoo
4357;  Tatiana  Castañeda  ;21;No binario;Engativá ;medio
4358;Wilson Portilla;34;No binario;USAQUEN;Medio
4359;Esther Fonseca;45;Masculino;SUBA;bajoooo
4360;Alejandra Toro;56;No binario; Suba;Medioo
4361;Edwin Bermúdez;20;;chapinero;ALTO
4362;José Díaz;;No binario;CHAPINEROOO;Bajooo
4363;Wilfredo Vega;35;Masculino;Engativá;alto
4364;Fernando Torres;25;Femenino;USAQUEN;BAJO
4365;MARCELA GÓMEZ;27;Masculino;engativa;Medio
4366;Sneider Oviedo;;Femenino;Usaquén;Medioo
4367;Jennifer Garzón;59;Femenino;USAQUEN;MEDIO
4368;Andrea Martínez;73;Otro; Suba;Bajooo
4369;Julia Suárez;58;Otro;CHAPINERO;
4370;  Fernando  Moreno  ;68;Masculino;KENNEDY;Medio
4371;Mary Acosta;39;Femenino;Kennedyy;BAJO
4372;José Franco;67;Femenino;Kennedy;MEDIO
4373;Angie Ortiz;74;Otro;Engativá;MEDIO
4374;Blanca Romero;48;No binario;Engativá;Bajo
4375;Omaira Ruiz;28;No binario;USAQUEN;bajoooo
4376;LUZ GÓMEZ;27;;;Bajo
4377;luz sarmiento;56;Otro;CHAPINERO;Alto
4378;Laura Ortega;36;Femenino;Usaquén ;
4379;Ferney López;60;Masculino; Suba;Bajooo
4380;Rosa Núñez;70;Masculino;Engativá;ALTO
4381;Juliana Suárez;46;Masculino;CHAPINERO;
4382;Diana Rodríguez;72;Femenino;CHAPINERO;medio
4383;Luis Prieto;74;Masculino;USAQUEN;Bajooo
4384;Vanessa Villamizar;57;Femenino;usaquen;
4385;;51;Otro;KENNEDY;Bajooo
4386;Julieth Patiño;23;Otro;kennedy;BAJO
4387;ANDRÉS ARIAS;63;Masculino;Usaquén ;bajoooo
4388;Jesús Rojas;54;No binario;Kennedy;Medioo
4389;Kelly Murcia;35;No binario;Kennedyy;Bajo
4390;Carmen Villamizar;75;Femenino;engativa;
4391;  Paola  Orozco  ;34;No binario;usaquen;ALTO
4392;Yeison Hoyos;66;Otro; Suba;Altoo
4393;Liliana Rueda;53;Masculino;engativa;Bajo
4394;Robinson García;73;No binario;CHAPINEROOO;ALTO
4395;Luis Herrera;20;Otro;USAQUEN;BAJO
4396;Daniel Cerón;67;No binario;Chapinero;Bajo
4397;Alejandra Camargo;70;No binario;Engativá ;Alto
4398;María Ramírez;46;Femenino;Engativá ;alto
4399;Luis Muñoz;18;No binario;Engativá;Bajo
4400;Henry Márquez;32;No binario;CHAPINERO;alto
4401;Eliecer Bastidas;61;Otro;subaa;bajoooo
4402;Johan Cardona;23;No binario;Suba;MEDIO
4403;ÓscarVallejo;48;Femenino;engativa;Bajooo
4404;Patricia Guerrero;48;No binario;Kennedy;Medioo
4405;Jhonatan Mora;66;Masculino;Chapinero;Medioo
4406;maría carvajal;29;No binario;chapinero;medio
4407;Jhon Hernández;75;Masculino;Usaquén;Medioo
4408;María Ospina;58;No binario;kennedy;MEDIO
4409;  William  Aguirre  ;39;Femenino;chapinero;ALTO
4410;;20;No binario;Usaquén;Bajooo
4411;  Jairo  Medina  ;59;Femenino;CHAPINERO;bajoooo
4412;Manuel Polo;38;No binario;Engativá;Bajooo
4413;Jhonny Pérez;40;No binario;chapinero;Bajo
4414;César Flórez;42;Femenino;Usaquén;Alto
4415;Julio Castillo;53;Masculino;usaquen;
4416;Luisa Díaz;31;No binario;kennedy;alto
4417;Cecilia Torres;21;No binario;kennedy;BAJO
4418;Jhon Cuéllar;63;Femenino;Chapinero;Bajo
4419;Dario Cárdenas;63;No binario;ENGATIVA;alto
4420;Camilo Silva;36;Masculino;Usaquén ;bajo
4421;Angie Torres;59;Masculino;subaa;bajoooo
4422;  Camilo  Caicedo  ;67;Masculino;Suba;MEDIO
4423;Carolina Gómez;37;Masculino;CHAPINEROOO;Bajo
4424;Leidy Gómez;68;;Usaquén ;Bajo
4425;milena loaiza;22;Otro;Suba;Alto
4426;EDISON ORTIZ;53;Otro;;bajo
4427;Dario Bedoya;74;Otro;Chapinero;Medio
4428;tatiana bravo;;Masculino;Usaquén;ALTO
4429;ANDRÉS RODRÍGUEZ;56;Femenino;Kennedy;ALTO
4430;Erika Calderón;54;Otro; Suba;Medioo
4431;Eliana García;41;Femenino;ENGATIVA;bajoooo
4432;Camilo Caicedo;23;Masculino;chapinero;BAJO
4433;daniel parra;70;Femenino;ENGATIVA;bajo
4434;David Valencia;61;Masculino;Usaquén ;Medioo
4435;Luz Ayala;53;Otro;kennedy;Medio
4436;Augusto Torres;59;Masculino;Kennedyy;medio
4437;Tulio Díaz;61;Femenino;usaquen;bajo
4438;Jhonny Montoya;58;Masculino;ENGATIVA;
4439;NilsonCastaño;60;Masculino;Chapinero;bajo
4440;Julio López;42;Otro;SUBA;Bajooo
4441;  Mauricio  Flórez  ;64;No binario;chapinero;Bajo
4442;Jesús Polo;51;Femenino;Usaquén;Bajo
4443;Fernando Caicedo;28;No binario;subaa;MEDIO
4444;Víctor Torres;54;No binario;ENGATIVA;alto
4445;Alba Murillo;45;No binario;;Bajooo
4446;Mario Gallego;22;Femenino;Usaquén;Alto
4447;Lucía Moreno;38;Masculino;Engativá;Medioo
4448;Daniel Arias;57;No binario;subaa;
4449;Roberto López;34;Masculino;engativa;BAJO
4450;Rosa Díaz;54;Otro;kennedy;BAJO
4451;Nelson Díaz;62;Femenino;CHAPINEROOO;Medio
4452;Jackeline Padilla;;No binario;Usaquén ;Medioo
4453;Jorge Rodríguez;32;No binario;Chapinero;bajo
4454;  Cecilia  Díaz  ;67;Femenino;Kennedy;MEDIO
4455;HelenaCalderón;23;Otro;Suba;ALTO
4456;Patricia García;28;Masculino;Usaquén ;Alto
4457;Esther Chávez;64;Femenino;SUBA;Alto
4458;Marcos López;59;No binario;Kennedy;BAJO
4459;Andrés Bonilla;35;No binario;Chapinero;bajoooo
4460;Mario Agudelo;26;No binario;Usaquén ;bajoooo
4461;Myriam Rodríguez;72;Otro;Engativá ;Alto
4462;Pablo Castellanos;47;No binario;usaquen;alto
4463;Jorge Gómez;24;Femenino;CHAPINERO;alto
4464;Esther García;26;No binario;engativa;BAJO
4465;Isabel Pineda;54;No binario;Usaquén;Bajooo
4466;María Parada;53;Femenino;Engativá;Altoo
4467;René López;58;No binario;Engativá;Bajooo
4468;Felipe Quintero;70;;Engativá;Altoo
4469;Camilo Ramírez;21;No binario;KENNEDY;BAJO
4470;Yeimy Londoño;20;No binario;usaquen;Alto
4471;Hilda Pérez;73;Femenino;Chapinero;bajoooo
4472;Vanessa Sánchez;61;No binario;chapinero;Altoo
4473;  Luz  Aguirre  ;43;No binario;Suba;medio
4474;Antonio González;66;Masculino;Engativá;BAJO
4475;;20;No binario;Kennedy;Bajooo
4476;Augusto López;54;No binario;Engativá ;bajoooo
4477;Stella Molina;49;Otro;Engativá ;
4478;Fredy Sánchez;30;No binario;Kennedyy;MEDIO
4479;Yeison Rodríguez;29;Masculino;Usaquén ;Altoo
4480;Graciela Sánchez;28;Masculino;Suba;BAJO
4481;JesúsTorres;58;Femenino;SUBA;BAJO
4482;Fabio Flórez;67;Femenino;USAQUEN;medio
4483;Brayan Bravo;62;Otro;Usaquén;medio
4484;martha pérez;66;Otro;SUBA;Altoo
4485;Martha López;36;Masculino;Engativá;
4486;Christian Mosquera;29;Femenino;CHAPINERO;alto
4487;david gonzález;45;Otro;SUBA;Bajo
4488;Harold Villegas;51;Masculino;engativa;Medioo
4489;Johan Agudelo;51;Femenino;engativa;bajoooo
4490;Gloria Contreras;32;Otro;subaa;MEDIO
4491;Alberto Duarte;22;Femenino;Kennedyy;bajo
4492;Milena Soto;59;Otro;SUBA;ALTO
4493;karen figueroa;22;Masculino;USAQUEN;Medio
4494;Doris López;34;Femenino;subaa;Bajo
4495;WilmerDurán;;Masculino;Kennedy;bajo
4496;Milton Arrieta;63;Femenino;Usaquén ;Bajo
4497;Alejandro García;34;Masculino;Kennedyy;ALTO
4498;María Saavedra;51;Otro;chapinero;Medioo
4499;Milena Hoyos;69;Otro;usaquen;alto
4500;Angélica Giraldo;50;No binario;KENNEDY;Alto
4501;óscar serna;24;Otro;Kennedyy;bajoooo
4502;Ivonne Martínez;69;No binario;engativa;ALTO
4503;Carlos Olaya;59;Femenino;chapinero;medio
4504;Yaneth López;71;Masculino;ENGATIVA;Bajo
4505;Cristobal Díaz;68;No binario;USAQUEN;Altoo
4506;Kelly Ruiz;60;No binario;Chapinero;alto
4507;Estela Aguirre;59;No binario;Kennedyy;bajoooo
4508;Fabiola Alzate;42;Femenino;kennedy;Medioo
4509;Nelly Meneses;49;No binario;CHAPINEROOO;MEDIO
4510;Jesús Vargas;22;Otro;usaquen;bajo
4511;yuliana zapata;46;Femenino;USAQUEN;BAJO
4512;Andrés Lozano;69;No binario;Usaquén ;Medioo
4513;Armando Flórez;29;Femenino;Chapinero;ALTO
4514;Carlos Salazar;60;Otro;CHAPINERO;Bajooo
4515;CarlosAguirre;38;Femenino;Suba;bajo
4516;César Narváez;19;Masculino;engativa;Medio
4517;Leidy Rodríguez;61;Masculino;Usaquén ;BAJO
4518;Ovidio Rodríguez;18;No binario;Usaquén ;ALTO
4519;Luis Yepes;72;No binario;subaa;ALTO
4520;Marco Martínez;37;Masculino;Engativá ;Medioo
4521;Doris Miranda;33;Otro;Engativá ;Alto
4522;Arturo Figueroa;73;Masculino;Usaquén ;medio
4523;Elizabeth Sánchez;;Otro;Kennedyy;
4524;Hernando Domínguez;71;Femenino;KENNEDY;Bajooo
4525;Arley Vargas;72;No binario;ENGATIVA;bajo
4526;Pablo Martínez;54;Masculino;KENNEDY;alto
4527;Marcela Burgos;24;Otro;Usaquén;Medioo
4528;DiegoRivera;57;Masculino;Kennedy;MEDIO
4529;María Alfonso;52;No binario;KENNEDY;MEDIO
4530;Astrid Narváez;57;No binario;Engativá ;medio
4531;Alexander García;62;Masculino;subaa;bajoooo
4532;Fredy Polo;40;;chapinero;Altoo
4533;María Morales;64;Masculino;ENGATIVA;ALTO
4534;ANA GARCÍA;;Femenino;ENGATIVA;Medioo
4535;Carlos Aguilar;25;No binario;Usaquén ;BAJO
4536;  Milena  Díaz  ;31;Otro;Engativá ;medio
4537;MAURICIO ZAMBRANO;74;Masculino; Suba;ALTO
4538;Jhon Suárez;19;No binario;USAQUEN;BAJO
4539;Elsa Quintero;61;Masculino;Kennedyy;Medioo
4540;  Julio  Vélez  ;74;Masculino;CHAPINEROOO;MEDIO
4541;AlexandraSánchez;45;Masculino; Suba;BAJO
4542;ALONSO GÓMEZ;45;No binario;SUBA;alto
4543;César Mora;18;No binario;Chapinero;MEDIO
4544;María Roa;61;;SUBA;alto
4545;Manuel Pardo;29;Masculino;Usaquén;bajoooo
4546;Luis Salcedo;23;No binario;Kennedy;Medioo
4547;Jair Sierra;59;Otro;engativa;bajo
4548;Camilo Salazar;20;Femenino;ENGATIVA;BAJO
4549;Lucía Quiroz;46;No binario;SUBA;bajoooo
4550;José Mantilla;50;Otro;usaquen;BAJO
4551;Carmen Rojas;51;Masculino;Usaquén ;Medioo
4552;DAVID TORRES;73;Femenino;engativa;Altoo
4553;  Rosa  Cano  ;48;Femenino;CHAPINERO;bajoooo
4554;Luis Sepúlveda;63;Otro;Kennedy;bajo
4555;Víctor Correa;54;Otro;CHAPINEROOO;medio
4556;Eugenia Bedoya;;Otro;Usaquén ;ALTO
4557;Pablo Pérez;51;Otro;kennedy;Bajooo
4558;Ricardo Jaimes;65;Femenino;subaa;
4559;Elena González;41;No binario;ENGATIVA;
4560;Ana Agudelo;61;Femenino;Engativá;medio
4561;EdgarGómez;30;No binario;chapinero;Altoo
4562;Amparo Ríos;46;Otro;kennedy;alto
4563;Patricia Hurtado;46;No binario;;Altoo
4564;Alfonso Álvarez;29;Masculino;Kennedy;Altoo
4565;Luis Henao;69;No binario;engativa;Altoo
4566;María Ortiz;69;Masculino;Usaquén ;Alto
4567;  Ismael  Ospina  ;74;Otro;usaquen;Altoo
4568;Carlos Angulo;42;Masculino;kennedy;Bajooo
4569;María Álvarez;69;Otro;Usaquén;alto
4570;  Vicente  Rodríguez  ;57;No binario;KENNEDY;ALTO
4571;Edith Gutiérrez;50;No binario;Suba;bajo
4572;  Fanny  Ramírez  ;;Otro;Engativá ;bajoooo
4573;César Bonilla;37;Femenino;kennedy;Medioo
4574;Dairo Narváez;;No binario; Suba;Bajo
4575;Diana Parra;31;Masculino;Engativá ;MEDIO
4576;Jairo López;36;Otro;SUBA;Medio
4577;  Mario  Sánchez  ;63;No binario;chapinero;Altoo
4578;Juan Flórez;55;Masculino;CHAPINERO;BAJO
4579;JuanMelo;48;No binario;ENGATIVA;Altoo
4580;nancy sánchez;66;Masculino;SUBA;Alto
4581;Gladis Rivas;32;Femenino;engativa;medio
4582;AndreaPinzón;61;Femenino; Suba;Altoo
4583;Brayan Arévalo;73;Otro;kennedy;Medio
4584;Jesús Solano;44;Otro;engativa;medio
4585;Cecilia Corredor;54;Otro;Usaquén;
4586;JOSÉ PADILLA;71;Otro;ENGATIVA;Alto
4587;Jesús Granados;;No binario;CHAPINEROOO;
4588;Flor Serna;23;Otro;;Altoo
4589;Ruth Mosquera;63;No binario;subaa;medio
4590;Guillermo Osorio;21;Masculino;chapinero;bajoooo
4591;Adolfo Guevara;25;Femenino;Usaquén ;Bajo
4592;Yulieth Rojas;25;Masculino;engativa;Altoo
4593;David García;60;No binario;Usaquén;Medioo
4594;Lucía Méndez;18;Masculino;chapinero;alto
4595;Nelsy Cifuentes;54;No binario; Suba;bajoooo
4596;Isabel Polo;55;Masculino;Chapinero;BAJO
4597;luis tamayo;41;Otro;CHAPINERO;BAJO
4598;JulioGarcía;19;Otro;engativa;bajoooo
4599;Diana Álvarez;36;Otro;Usaquén;Medio
4600;Oswaldo Pérez;;Masculino;engativa;MEDIO
4601;Blanca Morales;19;Masculino;engativa;bajoooo
4602;Andrea Díaz;28;No binario;engativa;BAJO
4603;Ángel Muñoz;60;Otro;Kennedyy;bajoooo
4604;Elsy Muñoz;53;No binario;CHAPINEROOO;
4605;Germán Bernal;53;Masculino;CHAPINERO;alto
4606;Isabel González;36;Otro;SUBA;Medioo
4607;Carlos Gómez;22;Otro;engativa;
4608;HUMBERTO CASTILLO;57;No binario;engativa;bajo
4609;Esteban Alarcón;26;Femenino;chapinero;Medio
4610;Carmen Morales;;Femenino;Usaquén;Medio
4611;Santiago Cantillo;20;Femenino;subaa;medio
4612;Katherine Carrillo;41;Otro;chapinero;Medio
4613;José Ortiz;29;Masculino;engativa;Medio
4614;Germán Carrillo;42;No binario;engativa;BAJO
4615;Antonio Franco;57;No binario;Suba;
4616;Jairo Vargas;28;No binario;engativa;Medio
4617;ARMANDO RODRÍGUEZ;42;Otro;SUBA;medio
4618;Hernando Gutiérrez;75;Otro;Usaquén;Medio
4619;Cecilia Castillo;33;Femenino;Chapinero;Medioo
4620;Patricia Giraldo;27;Otro;Suba;MEDIO
4621;  Lucila  López  ;27;;kennedy;bajoooo
4622;josefina bedoya;25;Masculino;CHAPINEROOO;bajo
4623;Raúl Restrepo;72;Femenino;;bajo
4624;Andrea Ariza;69;Otro;;alto
4625;Gerardo Caballero;62;Masculino;Suba;bajoooo
4626;;24;Masculino;SUBA;Altoo
4627;Sebastián Ramírez;72;Masculino;CHAPINERO;Altoo
4628;Sofía Ruiz;33;Otro;engativa;Bajooo
4629;Edier Reyes;28;Femenino;CHAPINERO;medio
4630;Diego Acosta;49;Femenino;Kennedyy;alto
4631;Yaneth Gómez;38;Masculino;usaquen;bajo
4632;LucíaCorrea;51;Femenino;KENNEDY;medio
4633;Jorge Ruiz;58;Masculino;Engativá;medio
4634;  María  Agudelo  ;73;Femenino;chapinero;MEDIO
4635;Mery Rubio;34;Masculino;SUBA;Altoo
4636;Julieth Osorio;22;Otro;CHAPINEROOO;
4637;Clemencia Martínez;68;Otro;usaquen;bajoooo
4638;Arturo Cantillo;37;Femenino;Suba;MEDIO
4639;Manuel Ortiz;32;Masculino;;MEDIO
4640;Fernando García;20;Otro;Suba;Bajooo
4641;;21;Otro; Suba;Bajo
4642;Patricia Parra;43;Femenino;CHAPINEROOO;medio
4643;Stella Amaya;69;Femenino;Engativá ;Medio
4644;  Alfredo  Silva  ;23;Femenino;KENNEDY;MEDIO
4645;EnriqueMuñoz;59;Femenino;Suba;Bajooo
4646;Álvaro López;64;No binario;Suba;bajo
4647;Rodrigo Herrera;62;No binario;kennedy;Medio
4648;Alfonso Pérez;29;Femenino;CHAPINEROOO;Bajooo
4649;Doris Guerrero;33;Masculino;SUBA;medio
4650;  Damaris  Barrios  ;56;No binario;usaquen;Medio
4651;;33;No binario;Engativá;MEDIO
4652;Cecilia Benavides;56;Otro;KENNEDY;Altoo
4653;Sonia Aguirre;68;No binario; Suba;Bajooo
4654;Ligia Rodríguez;70;Femenino;CHAPINEROOO;Alto
4655;Julián Hurtado;73;Otro;CHAPINEROOO;Bajo
4656;Ana Soto;22;Otro;Usaquén;BAJO
4657;DAVID VALENCIA;74;Otro;Suba;Alto
4658;Emerson Rico;26;No binario;Usaquén ;bajo
4659;Mauricio Daza;45;No binario;Kennedy;medio
4660;ValentinaSánchez;66;Otro;CHAPINERO;Medioo
4661;IrmaSánchez;48;No binario;usaquen;Bajooo
4662;Wilson González;48;Otro;Engativá;MEDIO
4663;Danny Parra;48;Otro;Kennedyy;bajoooo
4664;José Rodríguez;61;Femenino;USAQUEN;Medioo
4665;  Gina  Roa  ;42;;usaquen;Alto
4666;Carmen Cardona;21;No binario;CHAPINEROOO;Altoo
4667;Saúl López;43;Masculino;subaa;bajo
4668;Marina Gonzáles;;Masculino;SUBA;alto
4669;Marisol Vásquez;18;No binario;Suba;
4670;Claudia Rivera;55;Masculino; Suba;Altoo
4671;DORIS CANTILLO;37;;engativa;Alto
4672;JhonnyEscobar;43;Otro;SUBA;Bajooo
4673;maría aguilar;18;No binario;Chapinero;Bajooo
4674;María Triana;48;Otro;KENNEDY;Altoo
4675;José Salas;25;Masculino;chapinero;medio
4676;DiegoBernal;36;Otro;subaa;Medio
4677;Aida Peña;62;No binario;subaa;bajoooo
4678;Dayana Ríos;19;Femenino;CHAPINEROOO;bajoooo
4679;José Cabrera;70;No binario;ENGATIVA;MEDIO
4680;Martha Díaz;61;No binario; Suba;BAJO
4681;Elisa Díaz;32;No binario;Suba;ALTO
4682;Juan Ríos;73;Masculino;CHAPINEROOO;Medioo
4683;NidiaMeza;36;Masculino;Engativá;BAJO
4684;Eduardo Mendoza;46;Masculino;SUBA;Bajooo
4685;Amparo Beltrán;49;Femenino;chapinero;bajoooo
4686;Elías Zuluaga;62;Otro;Usaquén;bajo
4687;Yerson Cifuentes;49;Femenino;Kennedy;Medioo
4688;Sandra Bernal;44;Otro;KENNEDY;Altoo
4689;David Peña;34;Femenino;Kennedyy;BAJO
4690;Yurani Espinosa;51;No binario;usaquen;bajo
4691;Edison López;52;No binario;Chapinero;medio
4692;Estefanía Murillo;37;Femenino;Usaquén;Medioo
4693;MARÍA GUTIÉRREZ;36;Otro;Usaquén;bajoooo
4694;Marisol Torres;53;Masculino;usaquen;alto
4695;Elvia Flórez;47;Masculino;CHAPINERO;BAJO
4696;ElenaCorrea;28;Masculino;Engativá ;Medioo
4697;paola bolaños;53;Otro;SUBA;ALTO
4698;ArleyPeña;59;Femenino;Kennedyy;bajoooo
4699;Leonardo Rueda;48;Otro;ENGATIVA;Medio
4700;Jairo Rodríguez;51;No binario;subaa;MEDIO
4701;Janeth Torres;32;No binario;kennedy;Bajo
4702;amparo cuéllar;26;No binario;Kennedyy;Bajooo
4703;Mónica Velasco;46;;ENGATIVA;Altoo
4704;William Peña;39;Femenino;subaa;Bajo
4705;Daniela Maldonado;62;Femenino; Suba;Bajo
4706;Fabiola Rodríguez;70;;ENGATIVA;BAJO
4707;Lucía Rivera;44;Masculino;Kennedyy;bajo
4708;Víctor Fonseca;69;Otro;Suba;alto
4709;Alberto Quintero;69;No binario;Engativá;Alto
4710;Jean Chacón;71;Femenino;CHAPINERO;bajoooo
4711;Olga Quiroz;27;;usaquen;medio
4712;Elena Franco;70;Femenino;engativa;Bajooo
4713;PabloMeneses;37;No binario;CHAPINEROOO;bajoooo
4714;Carlos Hernández;45;Otro;Engativá;alto
4715;Fernando Rendón;35;No binario;CHAPINEROOO;BAJO
4716;CAROLINA RENTERÍA;70;Femenino; Suba;Medio
4717;José Mendoza;31;Otro;Usaquén ;Bajooo
4718;Diana Meneses;45;Masculino; Suba;Altoo
4719;José Barrera;63;Otro;CHAPINERO;BAJO
4720;Julián Benítez;23;Otro;;MEDIO
4721;antonio muñoz;66;Otro;Engativá ;Medio
4722;Luis Núñez;;No binario;Kennedyy;ALTO
4723;Adriana López;46;Femenino;CHAPINERO;MEDIO
4724;Francy Méndez;56;Otro;Kennedy;ALTO
4725;Juan Gómez;28;Femenino;engativa;Bajo
4726;Camilo Cáceres;74;Femenino;Usaquén;BAJO
4727;Ana Flórez;29;Femenino;Kennedy;
4728;Jairo Hernández;63;No binario; Suba;medio
4729;Valeria Barrera;46;Femenino;CHAPINERO;Medioo
4730;Clara Moreno;55;Masculino; Suba;Altoo
4731;Ernesto Jiménez;68;Masculino;KENNEDY;Alto
4732;Andrés Vargas;46;Masculino;Engativá;MEDIO
4733;Julio Serna;72;Otro;Chapinero;Altoo
4734;Ángel Navarro;38;No binario;Chapinero;Alto
4735;Esperanza Betancur;50;No binario;Usaquén;MEDIO
4736;Antonio Henao;39;Femenino;ENGATIVA;Medioo
4737;Carlos López;31;No binario;kennedy;medio
4738;  Irma  Hurtado  ;58;Otro;;alto
4739;Sandra Gutiérrez;59;Masculino;CHAPINEROOO;bajo
4740;Kevin López;61;Masculino;Kennedyy;BAJO
4741;Candelaria Morales;58;No binario;Engativá ;Medio
4742;Pedro Giraldo;40;Otro;Kennedy;ALTO
4743;Dina Rodríguez;75;Femenino;;
4744;PATRICIA OLAYA;32;Otro;KENNEDY;Bajo
4745;Ana Pacheco;65;No binario;usaquen;Bajo
4746;JanethÁlvarez;53;Femenino;SUBA;Alto
4747;Ferney Montes;34;No binario;ENGATIVA;Bajooo
4748;Gloria Rodríguez;49;Femenino;Suba;Bajo
4749;  Gloria  Ospina  ;50;No binario;kennedy;ALTO
4750;ALBERTO GÓMEZ;40;Otro;Engativá ;MEDIO
4751;Efrén Chacón;55;;CHAPINERO;medio
4752;Michel Ávila;64;No binario;Engativá;Bajo
4753;Luis Sánchez;55;Femenino;SUBA;MEDIO
4754;Jairo Carmona;67;Masculino;chapinero;bajo
4755;Elena Gómez;19;Masculino;;Altoo
4756;María Molina;30;No binario;Engativá;bajo
4757;Lucía Gaviria;72;Femenino;engativa;Medio
4758;Martha Rojas;32;Masculino;Usaquén;ALTO
4759;Teresa Torres;70;Masculino; Suba;ALTO
4760;  Miguel  Ballesteros  ;19;Femenino;Usaquén ;Altoo
4761;Alba Ramos;26;No binario;Chapinero;Medio
4762;Jeison Romero;44;Femenino;Kennedy;Alto
4763;Luis Jiménez;46;Masculino;Chapinero;MEDIO
4764;Mauricio Zapata;65;Masculino;CHAPINERO;Medioo
4765;José Castillo;30;Otro;Usaquén ;medio
4766;Elena Pérez;54;No binario;CHAPINERO;Medioo
4767;Eduardo Murcia;20;Femenino;CHAPINERO;ALTO
4768;BLANCA MEDINA;19;Otro;Usaquén;Altoo
4769;JUAN CASTAÑEDA;67;No binario;CHAPINERO;Bajo
4770;Mercedes Alzate;39;No binario;Engativá;alto
4771;Leonel Reyes;58;Femenino; Suba;Medio
4772;Brayan Salazar;70;Masculino;kennedy;MEDIO
4773;Mauricio Ayala;43;Femenino;;MEDIO
4774;Antonio Calderón;31;Femenino;KENNEDY;bajo
4775;Yolima Ospina;51;Femenino;Kennedy;ALTO
4776;Katherine Barrera;27;No binario;CHAPINERO;
4777;Patricia Pérez;58;No binario;USAQUEN;Bajo
4778;María Molina;72;No binario;kennedy;Bajo
4779;Juan Jiménez;27;No binario;chapinero;Alto
4780;PABLO FRANCO;71;No binario;ENGATIVA;Bajo
4781;cristhian romero;73;Otro;subaa;ALTO
4782;María Díaz;72;Otro;Suba;Alto
4783;Paula Mercado;33;Femenino;USAQUEN;alto
4784;Edith García;18;Otro;subaa;bajoooo
4785;Alexander Arias;44;No binario;Suba;alto
4786;  Julio  González  ;49;Femenino;Kennedyy;Alto
4787;Yolanda Rodríguez;34;Otro;kennedy;Bajooo
4788;Sofía Restrepo;69;Masculino;engativa;Medio
4789;WILLIAM MALDONADO;55;Masculino;USAQUEN;medio
4790;Luis Flórez;74;Femenino; Suba;bajo
4791;Alberto Silva;53;Masculino;Kennedy;Medio
4792;Sandra Castro;24;No binario;Usaquén ;Medioo
4793;;61;Otro;usaquen;
4794;Alberto Loaiza;;Femenino;Usaquén;BAJO
4795;Humberto García;38;Otro;KENNEDY;Bajooo
4796;stiven salazar;38;Femenino;CHAPINEROOO;Bajooo
4797;  Alfonso  Ruiz  ;18;Otro;Chapinero;Medio
4798;Angélica Ramírez;18;Masculino;;medio
4799;Ricardo Sierra;51;Femenino;Kennedy;Altoo
4800;HeribertoSalazar;72;No binario;CHAPINEROOO;bajo
4801;Paola Pérez;59;Masculino;Engativá;ALTO
4802;Teresa Flórez;46;;Kennedy;Alto
4803;  Carlos  Gutiérrez  ;56;Femenino;Engativá ;MEDIO
4804;Jorge Zuluaga;63;Femenino;kennedy;alto
4805;Misael Vallejo;21;Femenino;engativa;MEDIO
4806;Amparo Sepúlveda;75;Femenino;chapinero;Medioo
4807;Yamile Triana;19;No binario;Chapinero;Alto
4808;GERARDO GÓMEZ;56;Masculino;Kennedyy;Bajooo
4809;Jorge García;59;No binario; Suba;ALTO
4810;Diana Arenas;52;Masculino;Kennedyy;medio
4811;Daniel Castro;51;No binario;usaquen;Bajo
4812;  Alfonso  Castillo  ;67;No binario;kennedy;medio
4813;Luis Álvarez;53;Masculino;Chapinero;medio
4814;David Medina;60;No binario;Kennedy;Medioo
4815;Jhon Cárdenas;62;No binario;kennedy;Medioo
4816;GustavoParada;59;Femenino;ENGATIVA;BAJO
4817;Paola Arias;61;No binario;Chapinero;bajoooo
4818;David Gómez;59;Femenino;usaquen;Bajo
4819;Luz Rodríguez;62;Femenino;kennedy;BAJO
4820;Sandra Ruiz;21;Femenino;Kennedy;Medioo
4821;Eduardo Mejía;61;No binario;subaa;Altoo
4822;Carolina Ramírez;74;Masculino;CHAPINEROOO;bajoooo
4823;Roberto Arias;47;No binario;CHAPINEROOO;medio
4824;Roberto Villamil;40;Otro;kennedy;Bajooo
4825;Oswaldo Salas;45;Otro; Suba;Alto
4826;Beatriz Serna;48;Masculino;CHAPINEROOO;BAJO
4827;Martha Erazo;33;Otro;usaquen;MEDIO
4828;Ana Valencia;25;Otro;Usaquén ;Bajooo
4829;  David  Guerra  ;56;Masculino; Suba;Bajooo
4830;  Alba  Pérez  ;72;Otro;usaquen;Medioo
4831;marcela cruz;74;Femenino;Kennedyy;medio
4832;Carmen Prieto;23;Masculino;ENGATIVA;Altoo
4833;Alfonso Murcia;21;Masculino; Suba;Alto
4834;Eduar Peña;44;Otro;Kennedyy;alto
4835;Wendy González;51;Femenino;Engativá ;alto
4836;Andrés Escobar;48;No binario;Usaquén ;Bajo
4837;  Alexander  Obando  ;44;Femenino;subaa;ALTO
4838;Paula Ariza;30;Femenino;Chapinero;ALTO
4839;Lorena Ortiz;58;Otro;Kennedyy;Altoo
4840;Elizabeth García;41;Masculino;Engativá ;bajo
4841;Luis Arboleda;31;Femenino;USAQUEN;ALTO
4842;Alexander Galvis;55;Femenino;engativa;Bajo
4843;  Adriana  García  ;71;Masculino;CHAPINEROOO;medio
4844;Jhonny Martínez;68;Femenino;Engativá ;medio
4845;  María  Rojas  ;34;Masculino;Engativá;Bajooo
4846;;49;Otro;chapinero;Bajooo
4847;;74;Femenino;engativa;Medio
4848;Leonardo Díaz;53;No binario;CHAPINEROOO;Medio
4849;Sandra Rojas;61;Femenino;Suba;alto
4850;Juan Silva;20;Otro;CHAPINEROOO;alto
4851;esteban ochoa;33;No binario;CHAPINEROOO;bajoooo
4852;Mercedes Cárdenas;75;No binario;Suba;Medioo
4853;;59;Femenino;CHAPINEROOO;Bajo
4854;LucíaMora;53;Femenino;engativa;Bajooo
4855;Néstor Torres;51;Otro;Kennedyy;medio
4856;Juliana Bastidas;20;Otro;SUBA;bajo
4857;Arturo Molina;18;Femenino;ENGATIVA;
4858;JulioDíaz;74;Masculino;Usaquén ;
4859;Yaneth Pérez;38;Masculino;Usaquén ;Bajooo
4860;Viviana Polo;63;Femenino;USAQUEN;BAJO
4861;JESÚS SÁNCHEZ;22;Masculino;KENNEDY;Medio
4862;Germán Sarmiento;39;Masculino;Kennedy;Alto
4863;daniela santos;31;No binario;Suba;ALTO
4864;Liliana Gómez;37;Otro;Kennedy;bajo
4865;Alexander Cárdenas;62;Masculino;Kennedy;Medioo
4866;Mónica Carmona;60;Masculino;SUBA;ALTO
4867;Ana Mejía;56;No binario;SUBA;Alto
4868;Milena Sierra;35;No binario;USAQUEN;Altoo
4869;José Martínez;73;Otro;Engativá;Bajo
4870;LuisaLópez;56;Femenino;CHAPINERO;Alto
4871;  Jesús  Ariza  ;39;Femenino;SUBA;Altoo
4872;  Rubiela  Jiménez  ;38;No binario;subaa;ALTO
4873;Yamile Hurtado;50;Otro;Kennedyy;Alto
4874;Andrés Rincón;30;Masculino;Usaquén ;Alto
4875;Bibiana Duarte;;Masculino;USAQUEN;Bajo
4876;Jorge Bustos;37;Otro;CHAPINEROOO;Alto
4877;Marina Martínez;19;Femenino;CHAPINERO;ALTO
4878;MaríaOrtiz;28;Femenino;subaa;bajoooo
4879;Patricia López;69;Femenino; Suba;alto
4880;Lorena Beltrán;64;Masculino;Usaquén;ALTO
4881;Alejandro Giraldo;40;Femenino;SUBA;Alto
4882;Diana Ardila;;No binario;Engativá;Medioo
4883;Fabio Ortiz;61;No binario;engativa;Medioo
4884;Adriana Serna;59;Otro;ENGATIVA;alto
4885;Erika Gutiérrez;60;;Kennedy;bajoooo
4886;Juan Ardila;75;Masculino;Usaquén;bajoooo
4887;Diana Mora;22;No binario; Suba;
4888;Diego Acosta;21;No binario;Usaquén;Bajooo
4889;  Viviana  Fajardo  ;67;Femenino;Kennedy;
4890;Daniela Álvarez;26;Masculino;CHAPINERO;Bajo
4891;Patricia Díaz;71;Masculino;usaquen;Medio
4892;RAÚL SÁNCHEZ;44;Masculino;engativa;Medio
4893;  María  Ortega  ;28;No binario;subaa;MEDIO
4894;Nelly Díaz;60;Otro;Engativá ;bajo
4895;Lina García;47;Masculino;Usaquén;BAJO
4896;Manuel Márquez;18;Otro;Suba;MEDIO
4897;Juan Tamayo;19;Masculino;Usaquén;ALTO
4898;JUAN REYES;36;Femenino;USAQUEN;bajo
4899;;36;Otro;Engativá;Bajo
4900;Esther González;22;;Chapinero;bajoooo
4901;Leonardo Ospina;20;Masculino;subaa;bajoooo
4902;Sneider Perea;32;Masculino;Chapinero;Medio
4903;andrés pérez;21;Masculino;CHAPINERO;Medio
4904;Milena López;63;No binario;usaquen;bajoooo
4905;Angie Galvis;24;No binario;Chapinero;ALTO
4906;  Nora  Galvis  ;31;Masculino;SUBA;Alto
4907;Evelio Muñoz;20;Otro;CHAPINEROOO;Bajo
4908;Denis Morales;65;Femenino;CHAPINERO;Bajooo
4909;María Romero;55;Femenino;KENNEDY;Altoo
4910;Camilo Galindo;69;Masculino;Kennedyy;ALTO
4911;Iván Zuluaga;62;Femenino;subaa;BAJO
4912;Roberto Hurtado;75;Femenino;usaquen;BAJO
4913;Martha Duque;45;Femenino;kennedy;Bajooo
4914;Miguel Rodríguez;75;Masculino;Usaquén;Altoo
4915;Eduard Zuluaga;74;Otro;Engativá ;medio
4916;Alexander Hernández;47;Masculino; Suba;Alto
4917;IRIS VARGAS;32;Masculino;CHAPINERO;Altoo
4918;Jairo Quiroz;21;Femenino;ENGATIVA;ALTO
4919;  Clara  Sarmiento  ;70;Femenino;Usaquén ;alto
4920;Elena Pedraza;21;No binario;Engativá ;Medio
4921;FernandoPaz;61;Masculino;CHAPINEROOO;alto
4922;Henry Duarte;31;Masculino;Engativá ;Altoo
4923;Raúl Cardona;40;No binario;SUBA;Altoo
4924;Richard Silva;19;Otro;Usaquén;Bajo
4925;MónicaDuarte;29;Masculino;engativa;BAJO
4926;SERGIO GIRALDO;36;Femenino;Engativá ;Bajo
4927;Elvira Portilla;66;Masculino;Engativá;Altoo
4928;natalia gómez;37;Femenino; Suba;Bajo
4929;José Herrera;46;Masculino;SUBA;bajoooo
4930;David Mejía;68;Femenino;Usaquén ;bajo
4931;yasmín bolaños;40;Femenino;Kennedyy;ALTO
4932;Dario Gutiérrez;30;Masculino;SUBA;Bajooo
4933;Saúl Sierra;41;Otro;Usaquén ;alto
4934;Manuel Correa;56;No binario;;Bajo
4935;MilenaParada;19;Masculino;Suba;
4936;Antonio Vergara;;Femenino;Suba;Bajooo
4937;;19;Otro; Suba;Altoo
4938;Angie Gutiérrez;54;;usaquen;Medioo
4939;Francisco Rodríguez;65;No binario;Engativá ;Alto
4940;  María  Gutiérrez  ;71;Femenino;Chapinero;Altoo
4941;Juan Martínez;64;Femenino;USAQUEN;Bajooo
4942;Viviana Osorio;23;Otro; Suba;BAJO
4943;Alexander Rodríguez;72;No binario;engativa;Medioo
4944;Tatiana Romero;52;No binario;USAQUEN;bajo
4945;Amparo Andrade;67;Femenino;Usaquén;Bajo
4946;Enrique Solano;65;Otro;chapinero;ALTO
4947;Lucía García;19;;KENNEDY;medio
4948;Luisa Orjuela;30;Masculino;CHAPINEROOO;Bajooo
4949;Elena Orozco;56;Masculino;;Bajooo
4950;Ana Torres;50;Otro;engativa;bajoooo
4951;Elsy Mosquera;70;Masculino;USAQUEN;alto
4952;Edwin Henao;53;Femenino;ENGATIVA;Bajooo
4953;RubielaParada;34;No binario;Kennedy;Bajooo
4954;Diana Muñoz;53;Femenino;engativa;bajo
4955;AngieÁlvarez;69;Masculino; Suba;MEDIO
4956;CarlosDuarte;50;Femenino;CHAPINERO;BAJO
4957;PAULA ESCOBAR;27;Otro;Engativá;bajo
4958;Manuel Ramírez;59;Otro;engativa;
4959;Marcela Cortés;26;Femenino;Usaquén;Altoo
4960;Karen García;73;Masculino;Usaquén ;ALTO
4961;Carlos Méndez;58;No binario;CHAPINERO;medio
4962;Luis Rivera;29;No binario;engativa;Medio
4963;Germán Mendoza;38;Masculino; Suba;Altoo
4964;  Isabel  Marín  ;59;Otro;Engativá;Alto
4965;Eugenia Betancur;48;No binario;ENGATIVA;
4966;Alejandro Correa;42;Masculino;KENNEDY;Bajooo
4967;Yadira Salazar;61;No binario;subaa;alto
4968;Lucy Gómez;42;Masculino;USAQUEN;medio
4969;Luis Yepes;30;Masculino;kennedy;Alto
4970;Marisol Tovar;67;Otro;CHAPINERO;Bajooo
4971;David Suárez;66;Otro;;Medioo
4972;Olga Molina;54;No binario;engativa;Bajooo
4973;Carmen Ríos;61;Otro;Usaquén ;BAJO
4974;Carlos Jiménez;63;Masculino;kennedy;medio
4975;Alfonso Medina;71;Otro; Suba;ALTO
4976;Yamile Rodríguez;72;Femenino;usaquen;Alto
4977;Mario Pulido;75;Otro;CHAPINEROOO;Bajo
4978;Magda Martínez;70;Masculino;Engativá ;Bajooo
4979;Luz Salcedo;53;Masculino;subaa;BAJO
4980;  Jesús  Quintero  ;46;Masculino;subaa;bajo
4981;Diana Gutiérrez;74;No binario;SUBA;medio
4982;Yazmín Quintero;49;Otro;;bajo
4983;Luz Mena;43;Masculino;USAQUEN;alto
4984;Javier Mena;54;No binario;ENGATIVA;ALTO
4985;luz ramírez;54;Femenino;SUBA;MEDIO
4986;IsabelMena;24;No binario;usaquen;Medioo
4987;Elcy Torres;52;Femenino;Usaquén ;Medioo
4988;Javier Melo;;Otro;CHAPINERO;bajo
4989;Karen Álvarez;48;Masculino;engativa;MEDIO
4990;Eider Rodríguez;53;Otro;Engativá;Bajo
4991;DollyPacheco;59;Femenino;Suba;Altoo
4992;Martha Rodríguez;33;Femenino;USAQUEN;bajoooo
4993;Alberto González;33;Femenino;Engativá;Alto
4994;Diana Ramírez;38;Masculino;KENNEDY;bajoooo
4995;Clemencia Roa;48;Masculino;SUBA;
4996;Estefanía Martínez;53;Masculino;usaquen;bajo
4997;Paola Parra;73;No binario;Kennedyy;alto
4998;Josué Fonseca;45;Otro;USAQUEN;Medioo
4999;héctor vásquez;30;No binario;chapinero;alto
5000;Armando Carrillo;35;Otro;Kennedyy;Altoo
